Date,Close/Last,Volume,Open,High,Low,type,strike,open,high,low,last,last_size,change,pctchange,previous,bid,bid_size,ask,ask_size,moneyness,volume,volume_change,volume_pctchange,open_interest,open_interest_change,open_interest_pctchange,volatility,volatility_change,volatility_pctchange,theoretical,delta,gamma,theta,vega,rho,vol_oi_ratio,dte,midpoint
2025-04-10,9.63,686331800,10.915,11.14,8.35,put,13.5,2.8,4.64,2.73,4.21,1,0.0,0.0,4.21,3.45,8,4.8,13,0.32,0,0,0.0,1821,0,0.0,2.517,0.0,0.0,4.21,-0.786541,0.086863,-0.068674,0.003879,-0.001734,0.0,7,4.13
2025-04-10,9.63,686331800,10.915,11.14,8.35,call,13.0,0.49,0.6,0.15,0.28,5,0.0,0.0,0.28,0.21,10,0.3,17,-0.27,0,0,0.0,5380,0,0.0,2.1692,0.0,0.0,0.28,0.19877,0.096414,-0.057829,0.00372,0.000313,0.0,7,0.26
2025-04-10,9.63,686331800,10.915,11.14,8.35,put,13.0,2.47,4.7,2.16,3.86,2,0.0,0.0,3.86,3.45,7,4.1,11,0.27,0,0,0.0,5692,0,0.0,2.7041,0.0,0.0,3.86,-0.730139,0.091799,-0.084106,0.004408,-0.001665,0.0,7,3.78
2025-04-10,9.63,686331800,10.915,11.14,8.35,call,8.5,2.76,2.76,1.28,1.86,3,0.0,0.0,1.86,1.83,20,1.9,7,0.17,0,0,0.0,601,0,0.0,2.4261,0.0,0.0,1.86,0.706098,0.106475,-0.080186,0.004593,0.000947,0.0,7,1.87
2025-04-10,9.63,686331800,10.915,11.14,8.35,call,9.0,2.52,2.55,1.0,1.54,1,0.0,0.0,1.54,1.52,6,1.58,16,0.12,0,0,0.0,2655,0,0.0,2.3327,0.0,0.0,1.54,0.645635,0.119616,-0.083226,0.004962,0.000897,0.0,7,1.55
2025-04-10,9.63,686331800,10.915,11.14,8.35,call,9.5,1.95,1.95,0.81,1.26,1,0.0,0.0,1.26,1.26,17,1.3,7,0.07,0,0,0.0,686,0,0.0,2.2618,0.0,0.0,1.26,0.580298,0.129595,-0.084716,0.005212,0.00083,0.0,7,1.28
2025-04-10,9.63,686331800,10.915,11.14,8.35,call,10.0,1.9,1.91,0.61,1.02,1,0.0,0.0,1.02,1.03,1,1.06,20,0.02,0,0,0.0,4441,0,0.0,2.2554,0.0,0.0,1.05,0.51519,0.132564,-0.086107,0.005316,0.000751,0.0,7,1.05
2025-04-10,9.63,686331800,10.915,11.14,8.35,call,10.5,1.57,1.59,0.5,0.82,1,0.0,0.0,0.82,0.8,22,0.85,22,-0.03,0,0,0.0,1086,0,0.0,2.1719,0.0,0.0,0.82,0.446513,0.136517,-0.082202,0.005272,0.000667,0.0,7,0.83
2025-04-10,9.63,686331800,10.915,11.14,8.35,call,11.0,1.27,1.31,0.4,0.65,9,0.0,0.0,0.65,0.65,64,0.67,29,-0.0799999999999999,0,0,0.0,10936,0,0.0,2.1364,0.0,0.0,0.65,0.382498,0.133923,-0.077997,0.005088,0.000582,0.0,7,0.66
2025-04-10,9.63,686331800,10.915,11.14,8.35,call,11.5,1.0,1.18,0.3,0.52,2,0.0,0.0,0.52,0.51,5,0.54,22,-0.12,0,0,0.0,2639,0,0.0,2.1273,0.0,0.0,0.52,0.325502,0.126957,-0.073288,0.004803,0.000501,0.0,7,0.53
2025-04-10,9.63,686331800,10.915,11.14,8.35,call,12.0,0.79,1.2,0.24,0.41,10,0.0,0.0,0.41,0.38,22,0.44,19,-0.17,0,0,0.0,4860,0,0.0,2.1118,0.0,0.0,0.41,0.273128,0.118085,-0.067159,0.004435,0.000426,0.0,7,0.41
2025-04-10,9.63,686331800,10.915,11.14,8.35,call,12.5,0.6,0.63,0.2,0.34,3,0.0,0.0,0.34,0.29,22,0.34,10,-0.2199999999999999,0,0,0.0,4197,0,0.0,2.1451,0.0,0.0,0.34,0.233656,0.107081,-0.06282,0.004085,0.000366,0.0,7,0.32
2025-04-10,9.63,686331800,10.915,11.14,8.35,call,13.5,0.72,0.72,0.01,0.21,1,0.0,0.0,0.21,0.18,22,0.24,22,-0.3199999999999999,0,0,0.0,1287,0,0.0,2.1285,0.0,0.0,0.21,0.159637,0.085583,-0.049417,0.00324,0.000255,0.0,7,0.21
2025-04-10,9.63,686331800,10.915,11.14,8.35,put,10.0,0.66,2.3,0.66,1.36,10,0.0,0.0,1.36,1.36,22,1.41,22,-0.02,0,0,0.0,2990,0,0.0,2.1663,0.0,0.0,1.36,-0.489457,0.13814,-0.081666,0.005318,-0.001008,0.0,7,1.39
2025-04-10,9.63,686331800,10.915,11.14,8.35,put,12.0,1.75,3.85,1.7,2.8,1,0.0,0.0,2.8,2.72,6,2.82,10,0.17,0,0,0.0,2522,0,0.0,2.1756,0.0,0.0,2.8,-0.718496,0.116504,-0.069003,0.0045,-0.001504,0.0,7,2.77
2025-04-10,9.63,686331800,10.915,11.14,8.35,put,8.5,0.42,1.42,0.33,0.73,20,0.0,0.0,0.73,0.71,5,0.74,22,-0.17,0,0,0.0,4784,0,0.0,2.4408,0.0,0.0,0.73,-0.294455,0.105952,-0.079772,0.004597,-0.000611,0.0,7,0.73
2025-04-10,9.63,686331800,10.915,11.14,8.35,put,9.0,0.52,1.65,0.43,0.92,1,0.0,0.0,0.92,0.89,6,0.92,21,-0.12,0,0,0.0,3409,0,0.0,2.3671,0.0,0.0,0.92,-0.354785,0.117963,-0.083469,0.004964,-0.000737,0.0,7,0.91
2025-04-10,9.63,686331800,10.915,11.14,8.35,put,9.5,0.5,1.86,0.5,1.14,1,0.0,0.0,1.14,1.12,57,1.15,22,-0.0699999999999999,0,0,0.0,1450,0,0.0,2.2951,0.0,0.0,1.14,-0.419262,0.127735,-0.084884,0.005211,-0.00087,0.0,7,1.14
2025-04-10,9.63,686331800,10.915,11.14,8.35,put,10.5,1.0,2.54,0.96,1.68,1,0.0,0.0,1.68,1.65,7,1.72,8,0.03,0,0,0.0,1517,0,0.0,2.1679,0.0,0.0,1.68,-0.554093,0.136831,-0.080908,0.005271,-0.001151,0.0,7,1.69
2025-04-10,9.63,686331800,10.915,11.14,8.35,put,11.0,1.21,3.02,1.12,2.03,10,0.0,0.0,2.03,1.98,10,2.05,12,0.08,0,0,0.0,2715,0,0.0,2.172,0.0,0.0,2.03,-0.614128,0.132194,-0.078342,0.005101,-0.001273,0.0,7,2.01
2025-04-10,9.63,686331800,10.915,11.14,8.35,put,11.5,1.54,3.0,1.44,2.72,101,0.0,0.0,2.72,2.34,6,2.42,10,0.12,0,0,0.0,1111,0,0.0,2.1238,0.0,0.0,2.38,-0.675361,0.127182,-0.071905,0.004797,-0.001401,0.0,7,2.38
2025-04-10,9.63,686331800,10.915,11.14,8.35,put,12.5,2.15,4.3,1.7,3.35,1,0.0,0.0,3.35,3.1,12,3.25,12,0.22,0,0,0.0,1206,0,0.0,2.0797,0.0,0.0,3.18,-0.776649,0.107918,-0.058171,0.003982,-0.001587,0.0,7,3.18
2025-04-09,12.77,787748800,8.475,13.11,8.24,put,13.5,2.8,4.64,2.73,4.21,1,2.54,152.1,1.67,3.45,8,4.8,13,0.4,51,-221,-81.25,1821,-27,-1.46,2.517,0.8637,52.24,4.21,-0.786541,0.086863,-0.068674,0.003879,-0.001734,0.03,7,4.13
2025-04-09,12.77,787748800,8.475,13.11,8.24,put,12.0,1.75,3.85,1.7,2.8,1,1.88,204.35,0.92,2.72,6,2.82,10,0.25,825,-1383,-62.64,2522,517,25.79,2.1756,0.4302,24.65,2.8,-0.718496,0.116504,-0.069003,0.0045,-0.001504,0.33,7,2.77
2025-04-09,12.77,787748800,8.475,13.11,8.24,call,13.5,0.72,0.72,0.01,0.21,1,-0.76,-78.35,0.97,0.18,22,0.24,22,-0.4,1677,-31,-1.81,1287,254,24.59,2.1285,0.4508,26.87,0.21,0.159637,0.085583,-0.049417,0.00324,0.000255,1.3,7,0.21
2025-04-09,12.77,787748800,8.475,13.11,8.24,call,9.0,2.52,2.55,1.0,1.54,1,-2.46,-61.5,4.0,1.52,6,1.58,16,0.07,11965,5229,77.63,2655,525,24.65,2.3327,0.2113,9.96,1.54,0.645635,0.119616,-0.083226,0.004962,0.000897,4.51,7,1.55
2025-04-09,12.77,787748800,8.475,13.11,8.24,call,13.0,0.49,0.6,0.15,0.28,5,-0.92,-76.67,1.2,0.21,10,0.3,17,-0.35,6446,-3601,-35.84,5380,1825,51.34,2.1692,0.4475,25.99,0.28,0.19877,0.096414,-0.057829,0.00372,0.000313,1.2,7,0.26
2025-04-09,12.77,787748800,8.475,13.11,8.24,call,12.5,0.6,0.63,0.2,0.34,3,-1.11,-76.55,1.45,0.29,22,0.34,10,-0.3,5992,-1468,-19.68,4197,1605,61.92,2.1451,0.3915,22.33,0.34,0.233656,0.107081,-0.06282,0.004085,0.000366,1.43,7,0.32
2025-04-09,12.77,787748800,8.475,13.11,8.24,call,12.0,0.79,1.2,0.24,0.41,10,-1.31,-76.16,1.72,0.38,22,0.44,19,-0.25,12726,1265,11.04,4860,-2789,-36.46,2.1118,0.3391,19.13,0.41,0.273128,0.118085,-0.067159,0.004435,0.000426,2.62,7,0.41
2025-04-09,12.77,787748800,8.475,13.11,8.24,call,11.5,1.0,1.18,0.3,0.52,2,-1.5,-74.26,2.02,0.51,5,0.54,22,-0.1899999999999999,3313,424,14.68,2639,652,32.81,2.1273,0.3353,18.71,0.52,0.325502,0.126957,-0.073288,0.004803,0.000501,1.26,7,0.53
2025-04-09,12.77,787748800,8.475,13.11,8.24,call,11.0,1.27,1.31,0.4,0.65,9,-1.78,-73.25,2.43,0.65,64,0.67,29,-0.14,20853,13699,191.49,10936,-522,-4.56,2.1364,0.1903,9.78,0.65,0.382498,0.133923,-0.077997,0.005088,0.000582,1.91,7,0.66
2025-04-09,12.77,787748800,8.475,13.11,8.24,call,10.5,1.57,1.59,0.5,0.82,1,-2.12,-72.11,2.94,0.8,22,0.85,22,-0.0899999999999999,6305,4556,260.49,1086,-71,-6.14,2.1719,0.1568,7.78,0.82,0.446513,0.136517,-0.082202,0.005272,0.000667,5.81,7,0.83
2025-04-09,12.77,787748800,8.475,13.11,8.24,call,10.0,1.9,1.91,0.61,1.02,1,-2.13,-67.62,3.15,1.03,1,1.06,20,-0.04,15291,8087,112.26,4441,146,3.4,2.2554,0.2744,13.85,1.05,0.51519,0.132564,-0.086107,0.005316,0.000751,3.44,7,1.05
2025-04-09,12.77,787748800,8.475,13.11,8.24,call,9.5,1.95,1.95,0.81,1.26,1,-2.39,-65.48,3.65,1.26,17,1.3,7,0.01,3873,484,14.28,686,-203,-22.83,2.2618,0.0126,0.56,1.26,0.580298,0.129595,-0.084716,0.005212,0.00083,5.65,7,1.28
2025-04-09,12.77,787748800,8.475,13.11,8.24,put,13.0,2.47,4.7,2.16,3.86,2,2.48,179.71,1.38,3.45,7,4.1,11,0.35,722,-92,-11.3,5692,25,0.44,2.7041,1.0337,61.88,3.86,-0.730139,0.091799,-0.084106,0.004408,-0.001665,0.13,7,3.78
2025-04-09,12.77,787748800,8.475,13.11,8.24,put,12.5,2.15,4.3,1.7,3.35,1,2.2,191.3,1.15,3.1,12,3.25,12,0.3,613,-464,-43.08,1206,524,76.83,2.0797,0.3517,20.35,3.18,-0.776649,0.107918,-0.058171,0.003982,-0.001587,0.51,7,3.18
2025-04-09,12.77,787748800,8.475,13.11,8.24,put,10.5,1.0,2.54,0.96,1.68,1,1.16,223.08,0.52,1.65,7,1.72,8,0.09,1249,-296,-19.16,1517,-85,-5.31,2.1679,0.1626,8.11,1.68,-0.554093,0.136831,-0.080908,0.005271,-0.001151,0.82,7,1.69
2025-04-09,12.77,787748800,8.475,13.11,8.24,put,8.5,0.42,1.42,0.33,0.73,20,0.51,231.82,0.22,0.71,5,0.74,22,-0.12,7641,856,12.62,4784,3909,446.74,2.4408,0.0676,2.85,0.73,-0.294455,0.105952,-0.079772,0.004597,-0.000611,1.6,7,0.73
2025-04-09,12.77,787748800,8.475,13.11,8.24,put,11.5,1.54,3.0,1.44,2.72,101,1.98,267.57,0.74,2.34,6,2.42,10,0.19,626,20,3.3,1111,104,10.33,2.1238,0.3311,18.47,2.38,-0.675361,0.127182,-0.071905,0.004797,-0.001401,0.56,7,2.38
2025-04-09,12.77,787748800,8.475,13.11,8.24,put,11.0,1.21,3.02,1.12,2.03,10,1.44,244.07,0.59,1.98,10,2.05,12,0.14,2419,118,5.13,2715,442,19.45,2.172,0.3257,17.64,2.03,-0.614128,0.132194,-0.078342,0.005101,-0.001273,0.89,7,2.01
2025-04-09,12.77,787748800,8.475,13.11,8.24,put,10.0,0.66,2.3,0.66,1.36,10,0.94,223.81,0.42,1.36,22,1.41,22,0.04,6195,1814,41.41,2990,659,28.27,2.1663,0.0811,3.89,1.36,-0.489457,0.13814,-0.081666,0.005318,-0.001008,2.07,7,1.39
2025-04-09,12.77,787748800,8.475,13.11,8.24,put,9.5,0.5,1.86,0.5,1.14,1,0.83,267.74,0.31,1.12,57,1.15,22,-0.01,3831,1747,83.83,1450,-81,-5.29,2.2951,0.1916,9.11,1.14,-0.419262,0.127735,-0.084884,0.005211,-0.00087,2.64,7,1.14
2025-04-09,12.77,787748800,8.475,13.11,8.24,put,9.0,0.52,1.65,0.43,0.92,1,0.65,240.74,0.27,0.89,6,0.92,21,-0.0699999999999999,7583,3600,90.38,3409,-33,-0.96,2.3671,0.1066,4.72,0.92,-0.354785,0.117963,-0.083469,0.004964,-0.000737,2.22,7,0.91
2025-04-09,12.77,787748800,8.475,13.11,8.24,call,8.5,2.76,2.76,1.28,1.86,3,-2.77,-59.83,4.63,1.83,20,1.9,7,0.12,1972,364,22.64,601,-305,-33.66,2.4261,-0.3368,-12.19,1.86,0.706098,0.106475,-0.080186,0.004593,0.000947,3.28,7,1.87
2025-04-08,8.25,488735500,10.41,10.84,7.6,put,10.5,2.45,2.75,0.47,0.52,1,-2.68,-83.75,3.2,0.47,21,0.53,29,-0.18,1545,-1063,-40.76,1602,918,134.21,2.0053,-0.3271,-14.02,0.52,-0.208797,0.075786,-0.067716,0.00543,-0.000633,0.96,8,0.5
2025-04-08,8.25,488735500,10.41,10.84,7.6,put,9.5,2.07,2.07,0.31,0.31,60,-1.79,-85.24,2.1,0.3,1,0.37,42,-0.26,2084,-357,-14.63,1531,1297,554.27,2.1035,-0.3243,-13.36,0.31,-0.13384,0.054283,-0.053429,0.004081,-0.000405,1.36,8,0.33
2025-04-08,8.25,488735500,10.41,10.84,7.6,put,8.5,1.42,1.48,0.21,0.22,1,-1.38,-86.25,1.6,0.2,2,0.22,6,-0.3299999999999999,6785,4560,204.94,875,319,57.37,2.3732,-0.1812,-7.09,0.22,-0.090656,0.036392,-0.045636,0.003087,-0.000278,7.75,8,0.21
2025-04-08,8.25,488735500,10.41,10.84,7.6,put,10.0,2.39,2.39,0.35,0.42,2,-1.98,-82.5,2.4,0.37,21,0.42,1,-0.2199999999999999,4381,-17,-0.39,2331,134,6.1,2.0852,-0.3082,-12.88,0.42,-0.171247,0.06451,-0.06236,0.004807,-0.00052,1.88,8,0.4
2025-04-08,8.25,488735500,10.41,10.84,7.6,put,11.0,3.0,3.0,0.57,0.59,1,-2.56,-81.27,3.15,0.59,21,0.64,22,-0.14,2301,1535,200.39,2273,81,3.7,1.8463,-0.4439,-19.38,0.59,-0.246477,0.090389,-0.068402,0.005962,-0.000739,1.01,8,0.62
2025-04-08,8.25,488735500,10.41,10.84,7.6,put,11.5,3.29,3.3,0.72,0.74,1,-3.26,-81.5,4.0,0.73,21,0.79,22,-0.0999999999999999,606,-70,-10.36,1007,183,22.21,1.7927,-0.4326,-19.44,0.74,-0.297879,0.102307,-0.072928,0.006552,-0.000893,0.6,8,0.76
2025-04-08,8.25,488735500,10.41,10.84,7.6,put,12.0,3.87,3.95,0.87,0.92,1,-3.43,-78.85,4.35,0.9,5,0.99,22,-0.06,2208,1645,292.18,2005,50,2.56,1.7454,0.1023,6.23,0.92,-0.35458,0.112843,-0.07617,0.007035,-0.001059,1.1,8,0.95
2025-04-08,8.25,488735500,10.41,10.84,7.6,put,12.5,4.27,4.27,1.09,1.15,1,-3.85,-77.0,5.0,1.11,3,1.18,22,-0.02,1077,868,415.31,682,36,5.57,1.728,-0.6746,-28.08,1.15,-0.415087,0.119423,-0.078926,0.00737,-0.001244,1.58,8,1.15
2025-04-08,8.25,488735500,10.41,10.84,7.6,put,13.0,4.85,4.85,1.29,1.38,1,-4.02,-74.44,5.4,1.34,21,1.42,23,0.02,814,390,91.98,5667,106,1.91,1.6704,-0.7167,-30.02,1.38,-0.478281,0.126244,-0.077847,0.00753,-0.001428,0.14,8,1.38
2025-04-08,8.25,488735500,10.41,10.84,7.6,put,13.5,4.95,5.1,1.67,1.67,10,-3.03,-64.47,4.7,1.61,7,1.71,11,0.06,272,188,223.81,1848,21,1.15,1.6533,-0.8633,-34.3,1.67,-0.540578,0.127104,-0.076653,0.007502,-0.00161,0.15,8,1.66
2025-04-08,8.25,488735500,10.41,10.84,7.6,call,8.5,1.34,4.63,1.2,4.63,1,3.38,270.4,1.25,2.7,36,5.0,1,0.33,1608,377,30.63,906,624,221.28,2.7629,0.2248,8.86,4.63,0.88533,0.037085,-0.064031,0.003662,0.001463,1.77,8,3.85
2025-04-08,8.25,488735500,10.41,10.84,7.6,call,9.0,1.06,4.15,0.98,4.0,1,2.99,296.04,1.01,3.85,2,4.4,1,0.3,6736,3397,101.74,2130,-7,-0.33,2.1214,-0.3927,-15.62,4.0,0.898703,0.044171,-0.045295,0.003349,0.001639,3.16,8,4.13
2025-04-08,8.25,488735500,10.41,10.84,7.6,call,9.5,0.95,3.75,0.8,3.65,2,2.82,339.76,0.83,1.55,17,6.4,19,0.26,3389,1826,116.83,889,507,132.72,2.2492,-0.2197,-8.9,3.65,0.854928,0.053621,-0.061457,0.004311,0.001593,3.81,8,3.98
2025-04-08,8.25,488735500,10.41,10.84,7.6,call,10.0,0.71,3.35,0.61,3.15,1,2.49,377.27,0.66,2.0,1,3.25,6,0.22,7204,373,5.46,4295,-768,-15.17,1.981,-0.4137,-17.28,3.15,0.83737,0.065665,-0.058457,0.004649,0.001653,1.68,8,2.63
2025-04-08,8.25,488735500,10.41,10.84,7.6,call,10.5,0.51,3.2,0.5,2.94,1,2.42,465.38,0.52,2.68,11,2.93,7,0.18,1749,-1373,-43.98,1157,541,87.82,2.0151,-0.3181,-13.63,2.81,0.790598,0.07553,-0.069372,0.005439,0.001598,1.51,8,2.81
2025-04-08,8.25,488735500,10.41,10.84,7.6,call,11.0,0.42,2.6,0.39,2.43,2,2.02,492.68,0.41,2.36,6,2.49,6,0.14,7154,923,14.81,11458,638,5.9,1.9461,-0.3444,-15.04,2.43,0.747068,0.086916,-0.074367,0.006045,0.001558,0.62,8,2.43
2025-04-08,8.25,488735500,10.41,10.84,7.6,call,11.5,0.34,2.2,0.3,2.02,1,1.73,596.55,0.29,2.02,4,2.12,4,0.1,2889,268,10.23,1987,1073,117.4,1.792,-0.4722,-20.86,2.02,0.702336,0.10228,-0.074182,0.00655,0.001523,1.45,8,2.07
2025-04-08,8.25,488735500,10.41,10.84,7.6,call,12.0,0.27,1.87,0.22,1.72,1,1.47,588.0,0.25,1.7,6,1.9,10,0.06,11461,3164,38.13,7649,1832,31.49,1.7727,-0.4502,-20.25,1.72,0.644997,0.111107,-0.078749,0.007038,0.001428,1.5,8,1.8
2025-04-08,8.25,488735500,10.41,10.84,7.6,call,12.5,0.2,1.57,0.18,1.45,1,1.27,705.56,0.18,1.42,1,1.5,5,0.02,7460,4405,144.19,2592,843,48.2,1.7536,-0.4631,-20.89,1.45,0.585423,0.117586,-0.081472,0.007368,0.001321,2.88,8,1.46
2025-04-08,8.25,488735500,10.41,10.84,7.6,call,13.0,0.16,1.31,0.14,1.2,2,1.03,605.88,0.17,1.15,318,1.24,7,-0.02,10047,7333,270.19,3555,993,38.76,1.7217,-0.5268,-23.43,1.2,0.524366,0.12236,-0.081654,0.007528,0.001205,2.83,8,1.19
2025-04-08,8.25,488735500,10.41,10.84,7.6,call,13.5,0.15,1.05,0.11,0.97,16,0.84,646.15,0.13,0.92,25,1.18,169,-0.06,1708,719,72.7,1033,395,61.91,1.6777,-0.5398,-24.34,0.97,0.461819,0.125223,-0.079303,0.007507,0.00108,1.65,8,1.05
2025-04-08,8.25,488735500,10.41,10.84,7.6,put,9.0,1.5,1.74,0.26,0.27,2,-1.53,-85.0,1.8,0.25,4,0.3,27,-0.3,3983,-690,-14.77,3442,22,0.64,2.2605,-0.2414,-9.65,0.27,-0.112098,0.044604,-0.050726,0.003603,-0.000342,1.16,8,0.28
2025-04-07,9.15,723467300,7.88,10.98,7.225,put,11.5,2.01,4.0,1.57,4.0,1,1.16,40.85,2.84,3.5,12,3.6,17,0.39,676,568,525.93,824,-7,-0.84,2.2253,0.2068,10.25,3.55,-0.780891,0.102739,-0.04639,0.003826,-0.001888,0.82,9,3.55
2025-04-07,9.15,723467300,7.88,10.98,7.225,call,10.0,1.63,1.75,0.5,0.66,1,-0.49,-42.61,1.15,0.64,10,0.66,7,-0.2099999999999999,6831,-2950,-30.16,5063,1715,51.22,2.3947,-0.0492,-2.01,0.66,0.374174,0.122161,-0.065593,0.004909,0.000598,1.35,9,0.65
2025-04-07,9.15,723467300,7.88,10.98,7.225,put,10.5,1.23,3.2,1.09,3.2,3,1.14,55.34,2.06,2.73,6,2.79,21,0.27,2608,2521,2897.7,684,11,1.63,2.3324,0.1421,6.49,2.76,-0.682224,0.118191,-0.059039,0.004618,-0.001676,3.81,9,2.76
2025-04-07,9.15,723467300,7.88,10.98,7.225,put,11.0,1.67,3.15,1.29,3.15,3,0.58,22.57,2.57,3.1,11,3.2,27,0.33,766,173,29.17,2192,-122,-5.27,2.2902,0.1899,9.04,3.15,-0.732111,0.111235,-0.053415,0.004265,-0.001775,0.35,9,3.15
2025-04-07,9.15,723467300,7.88,10.98,7.225,call,11.0,1.11,1.28,0.31,0.41,2,-0.37,-47.44,0.78,0.4,10,0.41,5,-0.3299999999999999,6231,-3725,-37.41,10820,6638,158.73,2.2905,-0.025,-1.08,0.41,0.268571,0.111137,-0.054575,0.004272,0.000445,0.58,9,0.41
2025-04-07,9.15,723467300,7.88,10.98,7.225,call,10.5,1.2,1.42,0.4,0.52,5,-0.44,-45.83,0.96,0.51,22,0.53,21,-0.27,3122,1593,104.19,616,9,1.48,2.3332,-0.0567,-2.37,0.52,0.31838,0.118069,-0.060171,0.004623,0.000519,5.07,9,0.52
2025-04-07,9.15,723467300,7.88,10.98,7.225,put,9.5,0.95,2.38,0.68,2.1,1,0.48,29.63,1.62,2.03,11,2.07,6,0.15,2441,1929,376.76,234,234,0.0,2.4278,0.2249,10.21,2.05,-0.570505,0.124989,-0.067934,0.005087,-0.001396,10.43,9,2.05
2025-04-07,9.15,723467300,7.88,10.98,7.225,call,9.5,1.87,2.05,0.65,0.83,1,-0.54,-39.42,1.37,0.5,1,0.83,642,-0.15,1563,888,131.56,382,382,0.0,2.4689,-0.0412,-1.64,0.83,0.433537,0.123015,-0.070223,0.005096,0.000677,4.09,9,0.67
2025-04-07,9.15,723467300,7.88,10.98,7.225,call,9.0,2.25,2.36,0.79,1.01,5,-0.59,-36.88,1.6,0.97,13,1.03,21,-0.0899999999999999,3339,-788,-19.09,2137,207,10.73,2.5141,-0.0402,-1.58,1.01,0.491878,0.122486,-0.072527,0.005167,0.000752,1.56,9,1.0
2025-04-07,9.15,723467300,7.88,10.98,7.225,call,8.5,2.34,2.67,0.97,1.25,10,-0.5,-28.57,1.75,1.17,2,1.24,7,-0.03,1231,657,114.46,282,282,0.0,2.5381,-0.062,-2.39,1.21,0.55054,0.120378,-0.072681,0.005126,0.000823,4.37,9,1.21
2025-04-07,9.15,723467300,7.88,10.98,7.225,put,10.0,1.15,2.85,0.84,2.4,1,0.55,29.73,1.85,2.36,6,2.42,5,0.21,4398,3304,302.01,2197,-212,-8.8,2.3934,0.1801,8.14,2.4,-0.626382,0.122305,-0.064491,0.004906,-0.001544,2.0,9,2.39
2025-04-07,9.15,723467300,7.88,10.98,7.225,put,12.0,2.17,4.35,1.9,4.35,1,1.0,29.85,3.35,3.6,13,4.05,28,0.45,563,127,29.13,1955,-102,-4.96,1.6431,-0.5746,-25.91,3.83,-0.908213,0.078118,-0.018601,0.00213,-0.001747,0.29,9,3.83
2025-04-07,9.15,723467300,7.88,10.98,7.225,put,9.0,0.75,2.13,0.52,1.8,1,0.5,38.46,1.3,1.73,2,1.76,6,0.09,4673,2196,88.66,3420,628,22.49,2.5019,0.2546,11.33,1.75,-0.509207,0.123152,-0.071207,0.005166,-0.001256,1.37,9,1.75
2025-04-07,9.15,723467300,7.88,10.98,7.225,put,8.5,0.5,1.82,0.34,1.6,6,0.55,52.38,1.05,1.43,21,1.48,1,0.03,2225,1000,81.63,556,556,0.0,2.5544,0.214,9.14,1.46,-0.449013,0.119654,-0.072207,0.005126,-0.001101,4.0,9,1.46
2025-04-07,9.15,723467300,7.88,10.98,7.225,put,13.5,3.3,4.7,3.1,4.7,1,0.06,1.29,4.64,5.3,19,5.6,10,0.64,84,4,5.0,1827,17,0.94,2.5166,0.2961,13.33,5.45,-0.853167,0.070803,-0.040561,0.002976,-0.002167,0.05,9,5.45
2025-04-07,9.15,723467300,7.88,10.98,7.225,put,13.0,2.89,5.4,2.59,5.4,5,1.3,31.71,4.1,4.05,12,4.95,24,0.58,424,227,115.23,5561,-36,-0.64,2.3871,0.3986,20.04,4.95,-0.847793,0.07645,-0.039417,0.003048,-0.002088,0.08,9,4.5
2025-04-07,9.15,723467300,7.88,10.98,7.225,put,12.5,3.07,5.0,2.29,5.0,10,1.23,32.63,3.77,4.35,11,4.65,445,0.52,209,134,178.67,646,17,2.7,2.4026,0.1795,8.08,4.5,-0.819367,0.084768,-0.044469,0.003406,-0.002053,0.32,9,4.5
2025-04-07,9.15,723467300,7.88,10.98,7.225,call,11.5,0.95,1.08,0.23,0.29,1,-0.32,-52.46,0.61,0.31,75,0.34,74,-0.39,2621,1946,288.3,914,324,54.92,2.2642,-0.1346,-5.61,0.32,0.225568,0.102394,-0.049123,0.003891,0.000379,2.87,9,0.33
2025-04-07,9.15,723467300,7.88,10.98,7.225,call,12.0,0.83,0.95,0.19,0.25,1,-0.3,-54.55,0.55,0.23,72,0.26,26,-0.4499999999999999,8297,2460,42.14,5817,-216,-3.58,2.2229,-0.0674,-2.94,0.25,0.185132,0.092729,-0.042874,0.00346,0.000315,1.43,9,0.25
2025-04-07,9.15,723467300,7.88,10.98,7.225,call,12.5,0.74,0.74,0.16,0.18,10,-0.28,-60.87,0.46,0.19,133,0.21,131,-0.52,3055,2260,284.28,1749,76,4.54,2.2167,-0.0629,-2.76,0.2,0.154638,0.082842,-0.038085,0.003082,0.000265,1.75,9,0.2
2025-04-07,9.15,723467300,7.88,10.98,7.225,call,13.0,0.57,0.6,0.11,0.17,1,-0.21,-55.26,0.38,0.15,52,0.17,917,-0.5800000000000001,2714,1311,93.44,2562,420,19.61,2.2485,-0.0131,-0.58,0.17,0.133835,0.074083,-0.035039,0.002796,0.00023,1.06,9,0.16
2025-04-07,9.15,723467300,7.88,10.98,7.225,call,13.5,0.41,0.41,0.1,0.13,1,-0.18,-58.06,0.31,0.11,22,0.13,21,-0.64,989,543,121.75,638,79,14.13,2.2175,-0.0206,-0.92,0.13,0.108001,0.064584,-0.029708,0.002404,0.000188,1.55,9,0.12
2025-04-04,8.73,499158100,10.05,10.4299,8.175,call,11.0,0.5,1.57,0.34,0.78,1,0.19,32.2,0.59,0.78,31,0.84,11,-0.1999999999999999,9956,3515,54.57,4182,3984,2012.12,2.3155,0.2666,13.01,0.78,0.38751,0.109221,-0.067477,0.0058,0.000758,2.38,10,0.81
2025-04-04,8.73,499158100,10.05,10.4299,8.175,call,13.5,0.26,0.57,0.23,0.31,5,0.08,34.78,0.23,0.29,55,0.35,10,-0.48,446,-251,-36.01,559,-271,-32.65,2.2381,0.2095,10.33,0.31,0.194465,0.081197,-0.046824,0.004169,0.000403,0.8,10,0.32
2025-04-04,8.73,499158100,10.05,10.4299,8.175,call,13.0,0.09,0.86,0.09,0.38,1,0.11,40.74,0.27,0.38,56,0.4,1,-0.42,1403,-71,-4.82,2142,348,19.4,2.2616,0.25,12.43,0.38,0.227243,0.088052,-0.051852,0.004568,0.000466,0.65,10,0.39
2025-04-04,8.73,499158100,10.05,10.4299,8.175,call,12.5,0.19,1.0,0.19,0.46,3,0.08,21.05,0.38,0.44,33,0.48,3,-0.37,795,-2741,-77.52,1673,69,4.3,2.2796,0.27,13.44,0.46,0.26268,0.094448,-0.056519,0.004938,0.000532,0.48,10,0.46
2025-04-04,8.73,499158100,10.05,10.4299,8.175,call,12.0,0.34,1.28,0.21,0.55,1,0.16,41.03,0.39,0.53,16,0.57,1,-0.31,5837,929,18.93,6033,3808,171.15,2.2903,0.2846,14.19,0.55,0.300592,0.100333,-0.060615,0.00527,0.000603,0.97,10,0.55
2025-04-04,8.73,499158100,10.05,10.4299,8.175,call,11.5,0.31,1.31,0.28,0.61,3,0.12,24.49,0.49,0.64,16,0.78,2,-0.26,675,-7,-1.03,590,144,32.29,2.3988,0.3558,17.41,0.71,0.354082,0.102392,-0.067861,0.005633,0.000693,1.14,10,0.71
2025-04-04,8.73,499158100,10.05,10.4299,8.175,put,13.5,6.3,6.3,3.5,4.64,1,-0.16,-3.33,4.8,4.45,8,5.4,36,0.48,80,-46,-36.51,1810,37,2.09,2.2205,0.2193,10.96,4.64,-0.80906,0.081216,-0.044687,0.004121,-0.002458,0.04,10,4.93
2025-04-04,8.73,499158100,10.05,10.4299,8.175,call,10.5,0.41,1.88,0.32,0.96,1,0.24,33.33,0.72,0.95,64,1.0,18,-0.15,1529,806,111.48,607,421,226.34,2.3899,0.3151,15.19,0.96,0.441501,0.109045,-0.071785,0.005977,0.000844,2.52,10,0.98
2025-04-04,8.73,499158100,10.05,10.4299,8.175,call,9.0,1.13,2.66,0.72,1.6,1,0.34,26.98,1.26,1.6,69,1.63,5,0.02,4127,704,20.57,1930,1838,1997.83,2.5543,0.379,17.42,1.6,0.599978,0.099889,-0.075187,0.005851,0.001066,2.14,10,1.62
2025-04-04,8.73,499158100,10.05,10.4299,8.175,put,12.5,5.25,5.25,2.73,3.77,1,0.05,1.34,3.72,3.6,1,3.85,5,0.37,75,-45,-37.5,629,-35,-5.27,2.2231,0.226,11.31,3.77,-0.746309,0.095342,-0.052918,0.004849,-0.002261,0.12,10,3.73
2025-04-04,8.73,499158100,10.05,10.4299,8.175,put,12.0,4.36,4.9,2.96,3.35,1,-0.3,-8.22,3.65,2.84,99,3.35,7,0.31,436,-321,-42.4,2057,-161,-7.26,2.2177,0.2039,10.13,3.35,-0.710168,0.10209,-0.05653,0.005182,-0.002138,0.21,10,3.09
2025-04-04,8.73,499158100,10.05,10.4299,8.175,put,11.5,4.2,4.25,2.11,2.84,1,-0.46,-13.94,3.3,2.68,10,2.9,1,0.26,108,-1345,-92.57,831,302,57.09,2.0185,0.062,3.17,2.84,-0.696927,0.114486,-0.052502,0.005289,-0.002017,0.13,10,2.79
2025-04-04,8.73,499158100,10.05,10.4299,8.175,put,11.0,3.55,4.02,1.7,2.57,1,-0.26,-9.19,2.83,2.44,1,2.55,15,0.2,593,-948,-61.52,2314,494,27.14,2.1003,0.0802,3.97,2.5,-0.638282,0.117978,-0.058775,0.005675,-0.001886,0.26,10,2.5
2025-04-04,8.73,499158100,10.05,10.4299,8.175,put,10.5,3.12,3.57,1.39,2.06,1,-0.42,-16.94,2.48,2.11,1,2.25,8,0.15,87,-694,-88.86,673,47,7.51,2.1903,0.1104,5.31,2.18,-0.577782,0.118111,-0.064156,0.005926,-0.001714,0.13,10,2.18
2025-04-04,8.73,499158100,10.05,10.4299,8.175,put,10.0,2.84,3.24,1.14,1.85,5,-0.26,-12.32,2.11,1.72,12,1.85,9,0.09,1094,-3180,-74.4,2409,260,12.1,2.2133,0.1426,6.89,1.85,-0.52273,0.118935,-0.066079,0.006032,-0.001548,0.45,10,1.79
2025-04-04,8.73,499158100,10.05,10.4299,8.175,put,9.0,1.61,2.43,0.76,1.3,5,-0.22,-14.47,1.52,1.23,6,1.29,32,-0.02,2477,-4129,-62.5,2792,1842,193.89,2.2473,0.0691,3.17,1.26,-0.407895,0.114155,-0.065552,0.00588,-0.001195,0.89,10,1.26
2025-04-04,8.73,499158100,10.05,10.4299,8.175,put,13.0,5.7,5.9,3.0,4.1,5,-0.41,-9.09,4.51,3.45,45,4.15,8,0.42,197,-731,-78.77,5597,94,1.71,1.9885,0.0146,0.74,4.1,-0.816619,0.088493,-0.038939,0.004019,-0.002347,0.04,10,3.8
2025-04-04,8.73,499158100,10.05,10.4299,8.175,call,10.0,0.68,2.0,0.4,1.15,4,0.27,30.68,0.88,1.13,10,1.15,1,-0.0899999999999999,9781,797,8.87,3348,3065,1083.04,2.4439,0.3294,15.58,1.15,0.494235,0.107789,-0.07422,0.006041,0.000924,2.92,10,1.14
2025-04-03,11.41,302517400,13.81,14.12,11.4,put,11.5,2.35,3.64,2.35,3.3,1,1.95,144.44,1.35,3.15,2,3.25,5,0.32,1453,-1608,-52.53,529,56,11.84,1.9565,0.4832,32.8,3.2,-0.725069,0.10801,-0.042151,0.00528,-0.002463,2.75,12,3.2
2025-04-03,11.41,302517400,13.81,14.12,11.4,put,13.5,4.13,5.45,4.06,4.8,1,2.25,88.24,2.55,4.9,19,5.05,6,0.55,126,-1523,-92.36,1773,295,19.96,2.0012,0.7088,54.84,4.98,-0.846582,0.075147,-0.030186,0.003743,-0.00283,0.07,12,4.98
2025-04-03,11.41,302517400,13.81,14.12,11.4,put,13.0,3.33,4.6,3.33,4.51,1,2.27,101.34,2.24,4.45,9,4.6,19,0.49,928,-1949,-67.74,5503,735,15.42,1.9739,0.5969,43.35,4.51,-0.824927,0.082921,-0.032542,0.004079,-0.00278,0.17,12,4.53
2025-04-03,11.41,302517400,13.81,14.12,11.4,put,12.5,3.31,4.37,3.2,3.72,1,1.82,95.79,1.9,4.0,6,4.15,14,0.43,120,-743,-86.1,664,291,78.02,1.9971,0.6057,43.53,4.08,-0.791046,0.091252,-0.036857,0.004546,-0.002697,0.18,12,4.08
2025-04-03,11.41,302517400,13.81,14.12,11.4,put,12.0,2.21,3.9,2.21,3.65,1,2.03,125.31,1.62,3.6,6,3.7,15,0.37,757,-1341,-63.92,2218,708,46.89,2.0138,0.5711,39.59,3.65,-0.754227,0.099093,-0.040878,0.004983,-0.002578,0.34,12,3.65
2025-04-03,11.41,302517400,13.81,14.12,11.4,put,10.5,1.7,2.74,1.7,2.48,5,1.58,175.56,0.9,2.43,4,2.58,4,0.2,781,-112,-12.54,626,586,1465.0,2.0799,0.5402,35.09,2.48,-0.617407,0.116067,-0.05156,0.006039,-0.002142,1.25,12,2.51
2025-04-03,11.41,302517400,13.81,14.12,11.4,put,11.0,1.73,3.2,1.54,2.83,2,1.73,157.27,1.1,2.81,4,2.93,4,0.26,1541,-417,-21.3,1820,1195,191.2,2.0201,0.5263,35.23,2.83,-0.672218,0.113182,-0.047279,0.005715,-0.002294,0.85,12,2.87
2025-04-03,11.41,302517400,13.81,14.12,11.4,put,10.0,1.18,2.45,1.18,2.11,1,1.44,214.93,0.67,2.1,6,2.3,1,0.15,4274,2618,158.09,2149,987,84.94,2.0707,0.4934,31.28,2.11,-0.568092,0.120093,-0.052979,0.006222,-0.00195,1.99,12,2.2
2025-04-03,11.41,302517400,13.81,14.12,11.4,put,9.0,0.84,1.81,0.72,1.52,1,1.1,261.9,0.42,1.49,20,1.6,2,0.03,6606,6194,1503.4,950,343,56.51,2.1782,0.5522,33.96,1.52,-0.45101,0.114932,-0.056316,0.006267,-0.001553,6.95,12,1.55
2025-04-03,11.41,302517400,13.81,14.12,11.4,call,9.0,2.15,2.15,1.15,1.26,4,-1.89,-60.0,3.15,1.22,6,1.31,33,-0.03,3423,3318,3160.0,92,47,104.44,2.1753,0.0619,2.93,1.26,0.549176,0.114996,-0.057219,0.006267,0.001162,37.21,12,1.27
2025-04-03,11.41,302517400,13.81,14.12,11.4,call,10.5,1.3,1.45,0.7,0.72,1,-1.18,-62.11,1.9,0.65,20,0.73,14,-0.1999999999999999,723,699,2912.5,186,14,8.14,2.0748,0.4448,27.29,0.72,0.382495,0.11618,-0.052514,0.006039,0.000861,3.89,12,0.69
2025-04-03,11.41,302517400,13.81,14.12,11.4,call,11.0,0.86,0.9,0.53,0.59,30,-0.96,-61.94,1.55,0.55,5,0.6,19,-0.26,6441,6135,2004.9,198,141,247.37,2.0489,0.5285,34.76,0.59,0.332638,0.112025,-0.049368,0.005751,0.000761,32.53,12,0.58
2025-04-03,11.41,302517400,13.81,14.12,11.4,call,11.5,0.75,0.78,0.49,0.49,1,-0.79,-61.72,1.28,0.46,20,0.52,115,-0.3199999999999999,682,-363,-34.74,446,432,3085.71,2.043,0.5671,38.42,0.49,0.28945,0.105761,-0.046323,0.005413,0.00067,1.53,12,0.49
2025-04-03,11.41,302517400,13.81,14.12,11.4,call,12.0,0.66,0.79,0.38,0.39,2,-0.67,-63.21,1.06,0.36,1,0.41,10,-0.37,4908,2362,92.77,2225,1658,292.42,2.0057,0.5497,37.76,0.39,0.245363,0.099096,-0.041827,0.00498,0.000576,2.21,12,0.39
2025-04-03,11.41,302517400,13.81,14.12,11.4,call,12.5,0.52,0.54,0.3,0.38,5,-0.48,-55.81,0.86,0.31,20,0.34,10,-0.43,3536,1269,55.98,1604,1496,1385.19,2.0096,0.5824,40.81,0.33,0.212105,0.091128,-0.038604,0.004589,0.000502,2.2,12,0.33
2025-04-03,11.41,302517400,13.81,14.12,11.4,call,13.0,0.43,0.43,0.26,0.27,1,-0.43,-61.43,0.7,0.26,1,0.29,20,-0.49,1474,-1057,-41.76,1794,1472,457.14,2.0116,0.5978,42.28,0.27,0.182589,0.083143,-0.035283,0.004191,0.000435,0.82,12,0.28
2025-04-03,11.41,302517400,13.81,14.12,11.4,call,13.5,0.01,0.35,0.01,0.23,1,-0.36,-61.02,0.59,0.21,20,0.24,10,-0.55,697,-389,-35.82,830,720,654.55,2.0286,0.5958,41.58,0.23,0.159267,0.075537,-0.032594,0.00384,0.000382,0.84,12,0.22
2025-04-03,11.41,302517400,13.81,14.12,11.4,call,10.0,2.31,2.31,0.79,0.88,20,-1.29,-59.45,2.17,0.85,22,0.88,22,-0.15,8984,8772,4137.74,283,58,25.78,2.1145,0.5052,31.4,0.88,0.436876,0.11771,-0.055286,0.006235,0.000965,31.75,12,0.87
2025-04-02,16.26,141655200,15.19,16.89,15.03,call,9.0,4.95,4.95,3.15,3.15,88,-3.63,-53.54,6.78,2.71,407,3.85,775,0.21,105,104,10400.0,45,1,2.27,2.1134,0.1283,6.46,3.15,0.783563,0.062117,-0.05016,0.006555,0.002221,2.33,14,3.28
2025-04-02,16.26,141655200,15.19,16.89,15.03,call,13.5,1.66,1.7,0.52,0.59,2,-2.45,-80.59,3.04,0.54,10,0.59,11,-0.18,1086,1029,1805.26,110,55,100.0,1.4328,0.4724,49.18,0.59,0.325168,0.112449,-0.041532,0.008044,0.001197,9.87,14,0.57
2025-04-02,16.26,141655200,15.19,16.89,15.03,call,13.0,2.0,2.0,0.7,0.7,4,-2.8,-80.0,3.5,0.69,10,0.71,10,-0.14,2531,2401,1846.92,322,114,54.81,1.4138,0.3819,37.01,0.7,0.371909,0.119725,-0.043091,0.008451,0.001359,7.86,14,0.7
2025-04-02,16.26,141655200,15.19,16.89,15.03,put,13.5,1.12,2.55,1.12,2.55,1,2.07,431.25,0.48,2.54,10,2.77,2,0.18,1649,1585,2476.56,1478,11,0.75,1.2924,0.0623,5.07,2.55,-0.70363,0.120138,-0.034654,0.007723,-0.003221,1.12,14,2.66
2025-04-02,16.26,141655200,15.19,16.89,15.03,put,13.0,1.05,2.24,0.93,2.24,1,1.87,505.41,0.37,2.04,14,2.47,3,0.14,2877,2608,969.52,4768,127,2.74,1.377,0.1335,10.73,2.24,-0.635052,0.122449,-0.040372,0.008397,-0.002979,0.6,14,2.26
2025-04-02,16.26,141655200,15.19,16.89,15.03,put,12.5,0.8,1.9,0.73,1.9,1,1.66,691.67,0.24,1.7,289,2.0,10,0.1,863,845,4694.44,373,2,0.54,1.3914,0.1187,9.32,1.9,-0.577119,0.126156,-0.042618,0.008746,-0.002718,2.31,14,1.85
2025-04-02,16.26,141655200,15.19,16.89,15.03,put,12.0,0.45,1.62,0.45,1.62,1,1.36,523.08,0.26,1.4,14,1.8,9,0.05,2098,1926,1119.77,1510,5,0.33,1.4427,0.1393,10.69,1.62,-0.513094,0.123861,-0.045146,0.008909,-0.00245,1.39,14,1.6
2025-04-02,16.26,141655200,15.19,16.89,15.03,put,11.5,0.53,1.35,0.5,1.35,467,1.18,694.12,0.17,1.13,28,1.47,13,0.01,3061,3003,5177.59,473,-17,-3.47,1.4733,0.1433,10.77,1.35,-0.451656,0.120438,-0.04589,0.008848,-0.002155,6.47,14,1.3
2025-04-02,16.26,141655200,15.19,16.89,15.03,put,11.0,0.41,1.1,0.36,1.1,25,0.96,685.71,0.14,1.03,74,1.13,9,-0.04,1958,1918,4795.0,625,-11,-1.73,1.4938,0.1022,7.34,1.1,-0.391287,0.115164,-0.045201,0.008581,-0.001869,3.13,14,1.08
2025-04-02,16.26,141655200,15.19,16.89,15.03,put,10.5,0.36,0.9,0.36,0.9,1,0.79,718.18,0.11,0.87,6,0.93,13,-0.0799999999999999,893,882,8018.18,40,0,0.0,1.5397,0.0995,6.91,0.9,-0.333219,0.105752,-0.044175,0.008123,-0.001599,22.33,14,0.9
2025-04-02,16.26,141655200,15.19,16.89,15.03,put,10.0,0.24,0.7,0.22,0.67,1,0.59,737.5,0.08,0.69,10,0.75,17,-0.12,1656,1471,795.14,1162,-24,-2.02,1.5773,0.1082,7.36,0.72,-0.278902,0.095388,-0.041877,0.007508,-0.001338,1.43,14,0.72
2025-04-02,16.26,141655200,15.19,16.89,15.03,put,9.0,0.14,0.42,0.13,0.42,1,0.37,740.0,0.05,0.41,90,0.48,114,-0.2099999999999999,412,401,3645.45,607,5,0.83,1.626,0.0348,2.19,0.42,-0.181678,0.072669,-0.033981,0.005898,-0.000868,0.68,14,0.44
2025-04-02,16.26,141655200,15.19,16.89,15.03,call,10.0,3.95,3.95,2.17,2.17,1,-4.68,-68.32,6.85,2.1,12,2.38,87,0.12,212,65,44.22,225,-118,-34.4,1.6093,-0.0009,-0.06,2.17,0.719525,0.093696,-0.043985,0.007528,0.002317,0.94,14,2.24
2025-04-02,16.26,141655200,15.19,16.89,15.03,call,10.5,2.34,2.34,1.88,1.9,1,-3.8,-66.67,5.7,1.77,77,2.05,1064,0.08,24,14,140.0,172,5,2.99,1.63,0.2313,16.53,1.9,0.664661,0.100078,-0.048082,0.008144,0.00218,0.14,14,1.91
2025-04-02,16.26,141655200,15.19,16.89,15.03,call,11.0,2.63,2.7,1.55,1.55,5,-3.7,-70.48,5.25,1.5,12,1.58,47,0.04,306,265,646.34,57,31,119.23,1.5204,0.0025,0.17,1.55,0.609254,0.113009,-0.04722,0.008578,0.002072,5.37,14,1.54
2025-04-02,16.26,141655200,15.19,16.89,15.03,call,11.5,2.5,2.5,1.28,1.28,2,-3.72,-74.4,5.0,1.07,642,1.5,224,-0.01,1045,1031,7364.29,14,14,0.0,1.4759,0.0472,3.3,1.28,0.548976,0.120073,-0.047224,0.008847,0.001912,74.64,14,1.29
2025-04-02,16.26,141655200,15.19,16.89,15.03,call,12.0,2.4,2.4,1.04,1.06,1,-3.14,-74.76,4.2,1.05,42,1.08,10,-0.05,2546,2374,1380.23,567,134,30.95,1.456,-0.0002,-0.02,1.06,0.488653,0.122589,-0.046871,0.008911,0.001732,4.49,14,1.07
2025-04-02,16.26,141655200,15.19,16.89,15.03,call,12.5,2.15,2.15,0.86,0.86,8,-3.49,-80.23,4.35,0.85,10,0.88,6,-0.0999999999999999,2267,2252,15013.33,108,8,8.0,1.4272,0.1135,8.64,0.86,0.428264,0.123084,-0.045178,0.00877,0.001544,20.99,14,0.87
2025-04-01,15.95,106085000,15.725,15.99,14.825,call,12.5,3.65,4.35,3.65,4.35,1,1.0,29.85,3.35,4.05,17,4.15,20,0.23,15,-85,-85.0,100,99,9900.0,1.3137,0.0207,1.6,4.1,0.870224,0.048796,-0.031691,0.006965,0.00413,0.15,15,4.1
2025-04-01,15.95,106085000,15.725,15.99,14.825,call,13.0,3.1,3.5,3.1,3.5,1,0.5,16.67,3.0,3.0,250,3.7,12,0.2,130,40,44.44,208,34,19.54,1.0319,-0.5576,-35.08,3.5,0.881577,0.058265,-0.023755,0.006533,0.004453,0.63,15,3.35
2025-04-01,15.95,106085000,15.725,15.99,14.825,call,13.5,2.78,3.6,2.78,3.04,4,0.05,1.67,2.99,2.85,28,3.3,7,0.17,57,53,1325.0,55,4,7.84,0.9604,-0.2648,-21.61,3.04,0.855891,0.071699,-0.025243,0.007482,0.00447,1.04,15,3.08
2025-04-01,15.95,106085000,15.725,15.99,14.825,call,10.5,5.34,5.7,5.34,5.7,5,0.32,5.95,5.38,5.8,10,5.95,21,0.35,10,0,0.0,167,0,0.0,1.3987,0.0623,4.66,5.88,0.954534,0.020725,-0.015834,0.003151,0.003964,0.06,15,5.88
2025-04-01,15.95,106085000,15.725,15.99,14.825,call,10.0,5.95,6.85,5.8,6.85,1,0.91,15.32,5.94,5.35,133,6.4,10,0.38,147,81,122.73,343,50,17.06,1.6102,-1.4085,-46.66,6.4,0.95134,0.019011,-0.018933,0.003327,0.003727,0.43,15,5.88
2025-04-01,15.95,106085000,15.725,15.99,14.825,call,9.0,6.78,6.78,6.78,6.78,1,-0.12,-1.74,6.9,7.2,8,7.65,25,0.45,1,-38,-97.44,44,22,100.0,1.9851,0.442,28.64,7.43,0.953084,0.014977,-0.022339,0.003231,0.003317,0.02,15,7.43
2025-04-01,15.95,106085000,15.725,15.99,14.825,call,12.0,3.75,4.77,3.75,4.2,1,0.05,1.2,4.15,3.8,225,4.6,6,0.26,172,168,4200.0,433,3,0.7,1.4562,0.163,12.61,4.6,0.881569,0.041289,-0.032867,0.006533,0.004,0.4,15,4.2
2025-04-01,15.95,106085000,15.725,15.99,14.825,call,11.0,4.85,5.67,4.85,5.25,5,0.3,6.06,4.95,5.35,7,5.6,8,0.32,41,24,141.18,26,12,85.71,1.5179,0.1305,9.4,5.48,0.923616,0.028686,-0.025073,0.004732,0.003922,1.58,15,5.48
2025-04-01,15.95,106085000,15.725,15.99,14.825,put,12.0,0.36,0.36,0.18,0.26,1,-0.14,-35.0,0.4,0.21,397,0.24,28,-0.26,172,-432,-71.52,1505,66,4.59,1.3034,-0.0087,-0.66,0.23,-0.098857,0.040516,-0.024724,0.005737,-0.000694,0.11,15,0.22
2025-04-01,15.95,106085000,15.725,15.99,14.825,put,10.0,0.11,0.11,0.07,0.08,5,-0.06,-42.86,0.14,0.07,203,0.09,76,-0.38,185,93,101.09,1186,36,3.13,1.4691,-0.0946,-6.05,0.08,-0.03699,0.016694,-0.012977,0.002665,-0.000261,0.16,15,0.08
2025-04-01,15.95,106085000,15.725,15.99,14.825,put,10.5,0.13,0.13,0.1,0.11,1,-0.07,-38.89,0.18,0.05,1336,0.28,1862,-0.35,11,-29,-72.5,40,11,37.93,1.4402,0.0232,1.64,0.11,-0.049519,0.021557,-0.016096,0.003374,-0.000349,0.28,15,0.17
2025-04-01,15.95,106085000,15.725,15.99,14.825,put,11.5,0.3,0.3,0.17,0.17,10,-0.06,-26.09,0.23,0.16,485,0.19,68,-0.29,58,51,728.57,490,1,0.2,1.33,-0.0206,-1.53,0.17,-0.076995,0.032946,-0.020949,0.004761,-0.00054,0.12,15,0.18
2025-04-01,15.95,106085000,15.725,15.99,14.825,put,11.0,0.2,0.2,0.12,0.14,1,-0.08,-36.36,0.22,0.12,454,0.15,123,-0.3199999999999999,40,-140,-77.78,636,169,36.19,1.3916,0.0133,0.97,0.14,-0.062734,0.02689,-0.018734,0.004066,-0.000442,0.06,15,0.14
2025-04-01,15.95,106085000,15.725,15.99,14.825,put,12.5,0.51,0.51,0.23,0.24,1,-0.12,-33.33,0.36,0.27,314,0.31,51,-0.2299999999999999,18,-191,-91.39,371,115,44.92,1.2727,0.0015,0.12,0.29,-0.124123,0.048846,-0.028394,0.006752,-0.00087,0.05,15,0.29
2025-04-01,15.95,106085000,15.725,15.99,14.825,put,13.0,0.65,0.65,0.3,0.37,1,-0.11,-22.92,0.48,0.35,863,0.39,28,-0.1999999999999999,269,111,70.25,4641,44,0.96,1.2435,-0.0009,-0.07,0.37,-0.153848,0.057873,-0.032087,0.007816,-0.001078,0.06,15,0.37
2025-04-01,15.95,106085000,15.725,15.99,14.825,put,13.5,0.75,0.75,0.46,0.48,15,-0.27,-36.0,0.75,0.45,291,0.49,241,-0.17,64,10,18.52,1467,2,0.14,1.2301,0.0152,1.25,0.48,-0.190231,0.067011,-0.036319,0.008951,-0.001335,0.04,15,0.47
2025-04-01,15.95,106085000,15.725,15.99,14.825,put,9.0,0.02,0.05,0.02,0.05,1,-0.01,-16.67,0.06,0.02,932,0.05,5,-0.4499999999999999,11,10,1000.0,602,1,0.17,1.5912,0.0384,2.48,0.05,-0.022752,0.010291,-0.009395,0.00178,-0.000161,0.02,15,0.04
2025-03-31,15.95,111345600,15.07,15.9761,14.4,call,11.0,4.84,4.95,4.7,4.95,5,0.45,10.0,4.5,5.1,5,5.2,9,0.31,17,7,70.0,14,5,55.56,1.3874,0.153,12.4,5.15,0.923786,0.030925,-0.021886,0.004786,0.004201,1.21,16,5.15
2025-03-31,15.95,111345600,15.07,15.9761,14.4,put,13.5,0.57,0.88,0.57,0.75,15,0.08,11.94,0.67,0.55,17,0.58,16,-0.15,54,-259,-82.75,1465,57,4.05,1.2149,-0.0668,-5.21,0.57,-0.214925,0.072054,-0.036607,0.009755,-0.001582,0.04,16,0.57
2025-03-31,15.95,111345600,15.07,15.9761,14.4,call,10.5,5.33,5.38,5.33,5.38,5,0.43,8.69,4.95,5.5,6,5.65,7,0.34,10,-173,-94.54,167,162,3240.0,1.3364,-0.1402,-9.49,5.58,0.949593,0.023254,-0.015615,0.003467,0.004196,0.06,16,5.58
2025-03-31,15.95,111345600,15.07,15.9761,14.4,call,10.0,5.58,5.94,5.15,5.94,1,0.09,1.54,5.85,5.1,106,7.0,48,0.37,66,-163,-71.18,293,81,38.21,3.0187,1.901,170.08,7.0,0.85493,0.022619,-0.072613,0.007614,0.002909,0.23,16,6.05
2025-03-31,15.95,111345600,15.07,15.9761,14.4,call,9.0,6.35,6.95,6.35,6.9,1,0.2,2.99,6.7,6.95,5,7.1,16,0.44,39,27,225.0,22,2,10.0,1.5431,0.1924,14.24,7.03,0.973728,0.011819,-0.010822,0.002035,0.003729,1.77,16,7.03
2025-03-31,15.95,111345600,15.07,15.9761,14.4,call,13.0,2.95,3.25,2.71,3.0,10,-0.2,-6.25,3.2,3.4,9,4.1,298,0.18,90,53,143.24,174,13,8.07,1.5895,0.2791,21.3,3.75,0.78428,0.055162,-0.049599,0.009776,0.00384,0.52,16,3.75
2025-03-31,15.95,111345600,15.07,15.9761,14.4,call,13.5,2.76,2.99,2.76,2.99,3,0.17,6.03,2.82,3.0,17,3.1,39,0.15,4,-37,-90.24,51,30,142.86,1.2252,-0.2019,-14.15,3.05,0.784028,0.071608,-0.038579,0.009783,0.004145,0.08,16,3.05
2025-03-31,15.95,111345600,15.07,15.9761,14.4,put,11.5,0.25,0.25,0.23,0.23,4,-0.1,-30.3,0.33,0.21,870,0.24,311,-0.28,7,-459,-98.5,489,375,328.95,1.3506,0.0147,1.1,0.23,-0.09606,0.037789,-0.023827,0.005691,-0.000712,0.01,16,0.22
2025-03-31,15.95,111345600,15.07,15.9761,14.4,put,13.0,0.52,0.7,0.45,0.48,1,-0.02,-4.0,0.5,0.44,79,0.47,84,-0.18,158,-210,-57.07,4597,269,6.22,1.2444,-0.0127,-1.01,0.46,-0.17832,0.062806,-0.033518,0.008711,-0.001316,0.03,16,0.45
2025-03-31,15.95,111345600,15.07,15.9761,14.4,put,12.5,0.44,0.6,0.36,0.36,3,-0.06,-14.29,0.42,0.35,232,0.37,79,-0.2199999999999999,209,-81,-27.93,256,220,611.11,1.2712,-0.0369,-2.82,0.36,-0.145646,0.053872,-0.030037,0.007634,-0.001075,0.82,16,0.36
2025-03-31,15.95,111345600,15.07,15.9761,14.4,put,12.0,0.34,0.45,0.29,0.4,1,0.04,11.11,0.36,0.28,17,0.3,84,-0.25,604,101,20.08,1439,354,32.63,1.3121,-0.0595,-4.34,0.29,-0.119094,0.045427,-0.027007,0.006645,-0.000881,0.42,16,0.29
2025-03-31,15.95,111345600,15.07,15.9761,14.4,call,12.5,3.45,3.45,3.27,3.35,40,0.35,11.67,3.0,3.8,12,3.9,31,0.22,100,99,9900.0,1,0,0.0,1.293,-0.2509,-16.25,3.85,0.851478,0.053644,-0.032409,0.007735,0.004266,100.0,16,3.85
2025-03-31,15.95,111345600,15.07,15.9761,14.4,put,11.0,0.22,0.28,0.17,0.22,1,0.03,15.79,0.19,0.16,352,0.19,384,-0.31,180,73,68.22,467,8,1.74,1.3783,0.0107,0.78,0.18,-0.075223,0.030828,-0.020258,0.004738,-0.000557,0.39,16,0.18
2025-03-31,15.95,111345600,15.07,15.9761,14.4,put,10.5,0.2,0.2,0.14,0.18,10,0.04,28.57,0.14,0.12,635,0.15,322,-0.3399999999999999,40,34,566.67,29,2,7.41,1.417,0.0298,2.15,0.14,-0.058965,0.024835,-0.01726,0.003925,-0.000437,1.38,16,0.14
2025-03-31,15.95,111345600,15.07,15.9761,14.4,put,10.0,0.12,0.15,0.1,0.14,5,-0.01,-6.67,0.15,0.02,1473,0.15,1001,-0.37,92,-81,-46.82,1150,127,12.41,1.5637,0.0729,4.89,0.14,-0.055342,0.021408,-0.018131,0.003733,-0.000416,0.08,16,0.08
2025-03-31,15.95,111345600,15.07,15.9761,14.4,put,9.0,0.06,0.06,0.06,0.06,1,-0.01,-14.29,0.07,0.01,1675,0.12,1553,-0.4399999999999999,1,-510,-99.8,601,509,553.26,1.5528,0.0014,0.09,0.06,-0.026924,0.011989,-0.010024,0.002077,-0.0002,0.0,16,0.07
2025-03-31,15.95,111345600,15.07,15.9761,14.4,call,12.0,3.4,4.15,3.4,4.15,3,0.05,1.22,4.1,4.2,13,4.3,18,0.25,4,-252,-98.44,430,245,132.43,1.2932,0.2966,29.76,4.25,0.883653,0.045318,-0.027582,0.006536,0.004315,0.01,16,4.25
2025-03-28,16.03,138232400,17.33,17.59,15.74,put,12.0,0.47,0.68,0.32,0.36,70,0.04,12.5,0.32,0.3,52,0.4,38,-0.25,503,274,119.65,1085,150,16.04,1.3716,0.086,6.69,0.36,-0.132315,0.045373,-0.029469,0.007371,-0.001053,0.46,17,0.35
2025-03-28,16.03,138232400,17.33,17.59,15.74,put,13.5,0.89,1.18,0.66,0.67,1,-0.03,-4.29,0.7,0.6,5,0.82,10,-0.15,313,-22,-6.57,1408,83,6.26,1.2817,0.0612,5.02,0.67,-0.22734,0.068424,-0.038685,0.010384,-0.001804,0.22,17,0.71
2025-03-28,16.03,138232400,17.33,17.59,15.74,call,13.5,2.35,2.92,2.35,2.82,1,-0.68,-19.43,3.5,3.0,10,3.6,27,0.15,41,30,272.73,21,1,5.0,1.4271,0.2015,16.44,3.3,0.75869,0.063478,-0.046093,0.010732,0.004099,1.95,17,3.3
2025-03-28,16.03,138232400,17.33,17.59,15.74,put,12.5,0.88,0.88,0.42,0.42,1,-0.01,-2.33,0.43,0.38,10,0.46,8,-0.2199999999999999,290,251,643.59,36,36,0.0,1.3081,0.0443,3.51,0.42,-0.156017,0.053173,-0.03138,0.008238,-0.001236,8.06,17,0.42
2025-03-28,16.03,138232400,17.33,17.59,15.74,call,13.0,2.57,3.2,2.57,3.2,10,-0.35,-9.86,3.55,3.35,10,3.7,702,0.18,37,23,164.29,161,2,1.26,1.3104,0.1142,9.54,3.53,0.808343,0.060489,-0.037304,0.009391,0.004363,0.23,17,3.53
2025-03-28,16.03,138232400,17.33,17.59,15.74,call,12.5,3.0,3.0,3.0,3.0,1,-1.06,-26.11,4.06,3.75,8,4.45,1,0.22,1,0,0.0,1,1,0.0,1.5439,0.2659,20.8,4.1,0.817069,0.049881,-0.042491,0.009124,0.00416,1.0,17,4.1
2025-03-28,16.03,138232400,17.33,17.59,15.74,call,12.0,3.25,4.1,3.25,4.1,1,-0.18,-4.21,4.28,3.6,125,4.3,112,0.25,256,86,50.59,185,10,5.71,0.9966,-0.2935,-22.75,4.1,0.925061,0.04123,-0.01554,0.00487,0.004962,1.38,17,3.95
2025-03-28,16.03,138232400,17.33,17.59,15.74,call,11.0,4.5,4.5,4.5,4.5,10,-1.55,-25.62,6.05,5.0,6,5.2,14,0.31,10,-5,-33.33,9,0,0.0,1.2344,-0.0818,-6.21,5.1,0.937681,0.028873,-0.016506,0.004224,0.00459,1.11,17,5.1
2025-03-28,16.03,138232400,17.33,17.59,15.74,call,10.5,4.85,4.95,4.85,4.95,18,-1.53,-23.61,6.48,4.6,50,5.65,8,0.34,183,173,1730.0,5,5,0.0,1.4766,-0.0156,-1.05,5.65,0.930259,0.026338,-0.021107,0.004609,0.004279,36.6,17,5.13
2025-03-28,16.03,138232400,17.33,17.59,15.74,call,10.0,4.95,5.85,4.83,5.85,2,-0.15,-2.5,6.0,5.9,1,6.1,6,0.37,229,154,205.33,212,9,4.43,1.1177,-1.0067,-47.39,6.0,0.980512,0.012305,-0.006504,0.001631,0.004489,1.08,17,6.0
2025-03-28,16.03,138232400,17.33,17.59,15.74,put,11.5,0.37,0.41,0.33,0.33,1,0.04,13.79,0.29,0.23,18,0.26,32,-0.28,466,349,298.29,114,114,0.0,1.3359,-0.0096,-0.71,0.25,-0.099362,0.037996,-0.023427,0.006013,-0.000785,4.09,17,0.25
2025-03-28,16.03,138232400,17.33,17.59,15.74,put,11.0,0.38,0.5,0.19,0.19,1,-0.03,-13.64,0.22,0.1,11,0.21,90,-0.31,107,-37,-25.69,459,115,33.43,1.3676,0.0071,0.52,0.19,-0.078859,0.031254,-0.020205,0.005062,-0.000623,0.23,17,0.16
2025-03-28,16.03,138232400,17.33,17.59,15.74,put,10.5,0.32,0.32,0.14,0.14,1,-0.03,-17.65,0.17,0.14,151,0.16,11,-0.3399999999999999,6,-21,-77.78,27,27,0.0,1.3872,-0.0027,-0.19,0.14,-0.060278,0.025039,-0.016671,0.004116,-0.000476,0.22,17,0.15
2025-03-28,16.03,138232400,17.33,17.59,15.74,put,10.0,0.18,0.25,0.12,0.15,70,0.03,25.0,0.12,0.12,38,0.14,742,-0.37,173,-309,-64.11,1023,396,63.16,1.4908,0.0954,6.84,0.13,-0.052857,0.021006,-0.016165,0.003711,-0.000421,0.17,17,0.13
2025-03-28,16.03,138232400,17.33,17.59,15.74,put,9.0,0.13,0.17,0.07,0.07,2,0.0,0.0,0.07,0.01,1395,0.11,1221,-0.4399999999999999,511,477,1402.94,92,33,55.93,1.5514,0.0738,4.99,0.07,-0.02991,0.012707,-0.010601,0.002337,-0.000238,5.55,17,0.06
2025-03-28,16.03,138232400,17.33,17.59,15.74,put,13.0,0.73,0.98,0.5,0.5,1,-0.06,-10.71,0.56,0.11,3,0.55,1,-0.18,368,-36,-8.91,4328,119,2.83,1.2571,0.0162,1.31,0.5,-0.185097,0.061739,-0.033612,0.009191,-0.001461,0.09,17,0.33
2025-03-27,17.76,103112800,18.165,18.4099,17.3601,put,13.5,0.43,0.75,0.43,0.7,10,0.28,66.67,0.42,0.65,18,0.67,6,-0.16,335,-969,-74.31,1325,1215,1104.55,1.2205,0.028,2.35,0.66,-0.222667,0.06684,-0.034569,0.010904,-0.001986,0.25,19,0.66
2025-03-27,17.76,103112800,18.165,18.4099,17.3601,put,13.0,0.36,0.63,0.33,0.56,1,0.27,93.1,0.29,0.52,416,0.55,295,-0.1899999999999999,404,-3657,-90.05,4209,3290,358.0,1.2409,0.0191,1.57,0.54,-0.187093,0.059263,-0.031723,0.009831,-0.001668,0.1,19,0.54
2025-03-27,17.76,103112800,18.165,18.4099,17.3601,put,10.0,0.08,0.15,0.08,0.12,10,0.05,71.43,0.07,0.12,9,0.14,35,-0.38,482,391,429.67,627,61,10.78,1.3954,0.0226,1.64,0.12,-0.049681,0.020107,-0.013681,0.003753,-0.000443,0.77,19,0.13
2025-03-27,17.76,103112800,18.165,18.4099,17.3601,put,11.0,0.13,0.25,0.12,0.22,4,0.11,100.0,0.11,0.2,470,0.23,712,-0.31,144,79,121.54,344,52,17.81,1.3605,0.0716,5.56,0.22,-0.084561,0.031159,-0.020126,0.005669,-0.000756,0.42,19,0.22
2025-03-27,17.76,103112800,18.165,18.4099,17.3601,put,12.0,0.24,0.39,0.22,0.32,100,0.26,433.33,0.06,0.33,12,0.35,11,-0.25,229,116,102.65,935,34,3.77,1.2856,0.0291,2.31,0.34,-0.126966,0.044279,-0.025492,0.007611,-0.001132,0.24,19,0.34
2025-03-27,17.76,103112800,18.165,18.4099,17.3601,call,13.0,4.33,4.33,3.55,3.55,4,-1.35,-27.55,4.9,3.55,43,3.65,26,0.19,14,-136,-90.67,159,149,1490.0,1.1962,0.2918,32.26,3.55,0.819251,0.060141,-0.031424,0.009622,0.004988,0.09,19,3.6
2025-03-27,17.76,103112800,18.165,18.4099,17.3601,call,12.0,4.4,4.45,4.28,4.28,14,-1.97,-31.52,6.25,4.35,23,4.45,24,0.25,170,138,431.25,175,18,11.46,1.2901,0.0953,7.97,4.4,0.872584,0.044216,-0.027041,0.00763,0.004991,0.97,19,4.4
2025-03-27,17.76,103112800,18.165,18.4099,17.3601,call,10.0,7.3,7.3,6.0,6.0,2,-2.14,-26.29,8.14,6.05,7,7.1,42,0.38,75,63,525.0,203,-6,-2.87,2.1244,0.541,34.16,6.57,0.888898,0.024376,-0.039633,0.006927,0.003995,0.37,19,6.57
2025-03-27,17.76,103112800,18.165,18.4099,17.3601,call,13.5,3.84,3.87,3.5,3.5,1,-1.1,-23.91,4.6,3.2,10,3.25,10,0.16,11,-10,-47.62,20,20,0.0,1.2256,0.1272,11.58,3.23,0.777049,0.06657,-0.036288,0.010912,0.004805,0.55,19,3.23
2025-03-26,18.79,95647340,20.3,20.51,18.2,put,13.0,0.35,0.36,0.24,0.29,5,0.06,26.09,0.23,0.31,14,0.33,10,-0.27,4061,3786,1376.73,919,183,24.86,1.2218,0.0172,1.43,0.32,-0.111438,0.03648,-0.02327,0.008085,-0.001214,4.42,21,0.32
2025-03-26,18.79,95647340,20.3,20.51,18.2,put,10.0,0.06,0.07,0.06,0.07,2,0.02,40.0,0.05,0.01,10,0.07,6,-0.4399999999999999,91,27,42.19,566,7,1.25,1.3728,0.0152,1.12,0.07,-0.027691,0.010884,-0.008804,0.002712,-0.000302,0.16,21,0.04
2025-03-26,18.79,95647340,20.3,20.51,18.2,put,11.0,0.12,0.14,0.09,0.11,1,0.01,10.0,0.1,0.1,735,0.13,1,-0.38,65,41,170.83,292,22,8.15,1.2889,-0.0508,-3.8,0.11,-0.043483,0.016793,-0.011957,0.003928,-0.000472,0.22,21,0.12
2025-03-26,18.79,95647340,20.3,20.51,18.2,put,12.0,0.2,0.24,0.06,0.06,1,-0.09,-60.0,0.15,0.19,31,0.2,1,-0.3199999999999999,113,-13,-10.32,901,39,4.52,1.2565,-0.0065,-0.52,0.19,-0.072262,0.02571,-0.017373,0.005862,-0.000786,0.13,21,0.2
2025-03-26,18.79,95647340,20.3,20.51,18.2,put,13.5,0.47,0.47,0.3,0.42,1,0.1,31.25,0.32,0.38,88,0.4,10,-0.24,1304,1283,6109.52,110,10,10.0,1.1925,0.0056,0.47,0.39,-0.133556,0.042452,-0.025769,0.009181,-0.001454,11.85,21,0.39
2025-03-26,18.79,95647340,20.3,20.51,18.2,call,10.0,8.2,8.2,7.55,8.14,1,-0.71,-8.02,8.85,7.75,8,8.1,16,0.44,12,-59,-83.1,209,43,25.9,1.5834,0.3081,24.16,7.93,0.956256,0.013732,-0.015956,0.003947,0.005212,0.06,21,7.93
2025-03-25,20.55,57784410,20.83,21.0199,20.35,put,10.0,0.03,0.06,0.03,0.05,1,0.03,150.0,0.02,0.03,439,0.06,101,-0.47,64,34,113.33,559,-6,-1.06,1.3576,0.0718,5.59,0.05,-0.019405,0.007533,-0.006673,0.002178,-0.000234,0.11,22,0.05
2025-03-25,20.55,57784410,20.83,21.0199,20.35,call,10.0,9.45,9.45,8.35,8.85,1,-1.62,-15.47,10.47,8.85,6,8.95,6,0.47,71,12,20.34,166,47,39.5,1.2753,-0.1867,-12.77,8.85,0.985346,0.006306,-0.006111,0.001713,0.005825,0.43,22,8.9
2025-03-25,20.55,57784410,20.83,21.0199,20.35,put,13.0,0.14,0.28,0.14,0.23,1,0.1,76.92,0.13,0.22,100,0.24,154,-0.31,275,217,374.14,736,39,5.6,1.2046,0.0125,1.05,0.23,-0.080512,0.02689,-0.018676,0.006892,-0.00097,0.37,22,0.23
2025-03-25,20.55,57784410,20.83,21.0199,20.35,put,12.0,0.07,0.16,0.07,0.15,1,0.07,87.5,0.08,0.14,23,0.16,432,-0.36,126,121,2420.0,862,4,0.47,1.263,0.0258,2.09,0.15,-0.05381,0.018767,-0.014351,0.005044,-0.000649,0.15,22,0.15
2025-03-25,20.55,57784410,20.83,21.0199,20.35,put,11.0,0.04,0.1,0.04,0.1,1,0.06,150.0,0.04,0.05,2,0.1,44,-0.41,24,-168,-87.5,270,150,125.0,1.3397,0.0881,7.04,0.1,-0.035953,0.012781,-0.011011,0.003644,-0.000435,0.09,22,0.08
2025-03-24,21.0,91671320,20.48,21.3651,20.37,call,10.0,10.47,10.47,10.47,10.47,59,-0.78,-6.93,11.25,10.5,5,10.75,5,0.51,59,-143,-70.79,119,57,91.94,1.462,-0.5071,-25.75,10.63,0.984356,0.005203,-0.007578,0.002026,0.006052,0.5,23,10.63
2025-03-24,21.0,91671320,20.48,21.3651,20.37,put,10.0,0.04,0.04,0.02,0.02,6,-0.02,-50.0,0.04,0.01,8,0.05,2,-0.51,30,11,57.89,565,3,0.53,1.2858,-0.1388,-9.74,0.02,-0.008186,0.00337,-0.003205,0.001154,-0.000112,0.05,23,0.03
2025-03-24,21.0,91671320,20.48,21.3651,20.37,put,11.0,0.05,0.05,0.04,0.04,10,0.0,0.0,0.04,0.01,962,0.12,1082,-0.4599999999999999,192,170,772.73,120,-10,-7.69,1.2516,-0.0073,-0.58,0.04,-0.015609,0.006068,-0.005461,0.002022,-0.000213,1.6,23,0.07
2025-03-24,21.0,91671320,20.48,21.3651,20.37,put,12.0,0.09,0.09,0.06,0.08,2,0.0,0.0,0.08,0.04,517,0.09,2,-0.42,5,-375,-98.68,858,242,39.29,1.2372,-0.011,-0.88,0.08,-0.029007,0.010366,-0.009107,0.003414,-0.000398,0.01,23,0.07
2025-03-24,21.0,91671320,20.48,21.3651,20.37,put,13.0,0.1,0.13,0.1,0.13,1,0.02,18.18,0.11,0.11,2,0.13,1,-0.37,58,-53,-47.75,697,19,2.8,1.1921,0.0269,2.31,0.13,-0.045682,0.015602,-0.01271,0.00495,-0.000626,0.08,23,0.12
2025-03-21,19.28,84348320,18.82,19.4864,18.37,put,13.0,0.13,0.13,0.1,0.11,1,-0.11,-50.0,0.22,0.11,216,0.12,101,-0.38,111,11,11.0,678,63,10.24,1.1652,0.0184,1.6,0.11,-0.038922,0.013433,-0.010916,0.004539,-0.000568,0.16,24,0.11
2025-03-21,19.28,84348320,18.82,19.4864,18.37,put,12.0,0.08,0.09,0.06,0.08,1,-0.07,-46.67,0.15,0.06,20,0.08,6,-0.43,380,275,261.9,616,61,10.99,1.2482,0.0383,3.17,0.08,-0.027641,0.009456,-0.008829,0.003423,-0.000406,0.62,24,0.07
2025-03-21,19.28,84348320,18.82,19.4864,18.37,put,11.0,0.05,0.05,0.04,0.04,1,-0.04,-50.0,0.08,0.02,1111,0.08,2229,-0.48,22,7,46.67,130,1,0.78,1.2589,0.0368,3.01,0.04,-0.014908,0.005555,-0.005282,0.002029,-0.000218,0.17,24,0.05
2025-03-21,19.28,84348320,18.82,19.4864,18.37,put,10.0,0.05,0.05,0.03,0.04,1,-0.02,-33.33,0.06,0.03,1,0.05,2,-0.52,19,-29,-60.42,562,18,3.31,1.4246,0.0947,7.12,0.04,-0.013181,0.004415,-0.00538,0.001825,-0.000195,0.03,24,0.04
2025-03-21,19.28,84348320,18.82,19.4864,18.37,call,10.0,11.15,11.25,11.05,11.25,50,2.4,27.12,8.85,10.35,11,11.95,23,0.52,202,199,6633.33,62,1,1.64,1.9691,0.8972,83.7,11.25,0.957968,0.008459,-0.020871,0.004831,0.005831,3.26,24,11.15
2025-03-20,19.93,80380580,19.61,20.57,19.5854,put,13.0,0.27,0.32,0.22,0.22,10,-0.02,-8.33,0.24,0.22,309,0.25,152,-0.3299999999999999,100,61,156.41,615,3,0.49,1.1468,-0.0484,-4.05,0.22,-0.073539,0.023636,-0.015647,0.007176,-0.001078,0.16,26,0.24
2025-03-20,19.93,80380580,19.61,20.57,19.5854,put,12.0,0.2,0.21,0.13,0.15,1,0.0,0.0,0.15,0.14,302,0.17,321,-0.38,105,96,1066.67,555,6,1.09,1.2099,-0.0142,-1.16,0.15,-0.050641,0.016737,-0.012351,0.005362,-0.000745,0.19,26,0.16
2025-03-20,19.93,80380580,19.61,20.57,19.5854,put,11.0,0.11,0.13,0.08,0.08,1,-0.03,-27.27,0.11,0.08,2077,0.11,362,-0.43,15,-17,-53.13,129,-3,-2.27,1.2221,-0.0871,-6.65,0.08,-0.029228,0.010587,-0.007983,0.003427,-0.000428,0.12,26,0.1
2025-03-20,19.93,80380580,19.61,20.57,19.5854,put,10.0,0.06,0.1,0.06,0.06,10,0.0,0.0,0.06,0.05,51,0.1,4,-0.48,48,19,65.52,544,-14,-2.51,1.3299,-0.0015,-0.11,0.06,-0.020922,0.007349,-0.00657,0.002589,-0.000309,0.09,26,0.08
2025-03-20,19.93,80380580,19.61,20.57,19.5854,call,10.0,8.8,8.85,8.8,8.85,1,-1.55,-14.9,10.4,9.1,5,9.55,5,0.48,3,1,50.0,61,2,3.39,1.0719,-0.1582,-12.86,9.33,0.992821,0.00361,-0.003279,0.001026,0.006993,0.05,26,9.33
2025-03-19,20.38,83249650,19.89,21.37,19.46,put,9.0,0.0,0.0,0.0,0.1,0,0.0,0.0,0.03,0.01,352,0.4,699,-0.53,0,0,0.0,59,5,9.26,1.9391,0.2823,17.04,0.21,-0.04125,0.008855,-0.016846,0.004547,-0.00066,0.0,26,0.21
2025-03-19,20.38,83249650,19.89,21.37,19.46,put,9.0,0.1,0.1,0.1,0.1,5,0.07,233.33,0.03,0.02,135,0.1,474,-0.55,5,2,66.67,54,-2,-3.57,1.6568,0.294,21.57,0.1,-0.024501,0.006282,-0.009322,0.003173,-0.000421,0.09,28,0.06
2025-03-19,20.38,83249650,19.89,21.37,19.46,call,12.0,0.0,0.0,0.0,8.4,0,0.0,0.0,8.15,7.3,7,7.55,7,0.38,0,0,0.0,157,34,27.64,1.1255,-0.1086,-8.8,7.42,0.958978,0.015183,-0.01111,0.004527,0.007881,0.0,26,7.43
2025-03-19,20.38,83249650,19.89,21.37,19.46,put,12.0,0.25,0.25,0.13,0.15,1,0.0,0.0,0.15,0.07,399,0.17,55,-0.4,9,-40,-81.63,549,3,0.55,1.2241,-0.0166,-1.34,0.15,-0.046971,0.014521,-0.011719,0.005416,-0.000774,0.02,28,0.12
2025-03-19,20.38,83249650,19.89,21.37,19.46,put,11.0,0.13,0.13,0.1,0.11,1,-0.02,-15.38,0.13,0.04,812,0.11,63,-0.4499999999999999,32,11,52.38,132,11,9.09,1.3092,-0.059,-4.31,0.11,-0.033717,0.010368,-0.009586,0.004137,-0.000559,0.24,28,0.08
2025-03-19,20.38,83249650,19.89,21.37,19.46,put,10.0,0.08,0.09,0.06,0.06,1,-0.01,-14.29,0.07,0.05,245,0.09,338,-0.5,29,-78,-72.9,558,61,12.27,1.3314,-0.0458,-3.33,0.06,-0.019564,0.006464,-0.006188,0.002624,-0.000323,0.05,28,0.07
2025-03-19,20.38,83249650,19.89,21.37,19.46,put,13.0,0.28,0.28,0.2,0.24,1,0.02,9.09,0.22,0.21,373,0.24,293,-0.35,39,-8,-17.02,612,-31,-4.82,1.1952,-0.0207,-1.7,0.24,-0.071399,0.020669,-0.01588,0.007526,-0.001178,0.06,28,0.22
2025-03-19,20.38,83249650,19.89,21.37,19.46,call,12.0,8.2,8.4,8.2,8.4,1,0.25,3.07,8.15,8.0,6,8.25,6,0.4,34,24,240.0,123,10,8.85,1.2341,-0.5836,-32.11,8.13,0.952038,0.014642,-0.013424,0.005508,0.008323,0.28,28,8.13
2025-03-18,19.93,79140870,20.19,20.4,19.52,put,13.0,0.27,0.27,0.19,0.22,15,-0.11,-33.33,0.33,0.23,257,0.25,210,-0.36,47,-243,-83.79,643,125,24.13,1.2159,-0.0469,-3.71,0.24,-0.067794,0.018759,-0.015599,0.007526,-0.00119,0.07,29,0.24
2025-03-18,19.93,79140870,20.19,20.4,19.52,put,12.0,0.27,0.36,0.13,0.15,1,-0.1,-40.0,0.25,0.11,294,0.31,799,-0.41,49,33,206.25,546,7,1.3,1.2407,-0.0986,-7.36,0.15,-0.044715,0.013232,-0.011473,0.005418,-0.000783,0.09,29,0.21
2025-03-18,19.93,79140870,20.19,20.4,19.52,put,11.0,0.2,0.2,0.12,0.13,1,-0.04,-23.53,0.17,0.05,1993,0.18,964,-0.4599999999999999,21,5,31.25,121,2,1.68,1.3682,-0.0212,-1.52,0.13,-0.035929,0.010044,-0.010605,0.004536,-0.000637,0.17,29,0.11
2025-03-18,19.93,79140870,20.19,20.4,19.52,put,10.0,0.1,0.1,0.07,0.07,1,-0.04,-36.36,0.11,0.07,11,0.27,979,-0.51,107,89,494.44,497,-9,-1.78,1.3772,-0.0618,-4.29,0.07,-0.02086,0.006341,-0.006791,0.002883,-0.000368,0.22,29,0.17
2025-03-18,19.93,79140870,20.19,20.4,19.52,put,9.0,0.07,0.07,0.03,0.03,1,-0.04,-57.14,0.07,0.0,0,0.31,29,-0.56,3,-3,-50.0,56,4,7.69,1.3628,-0.1375,-9.16,0.03,-0.009959,0.003391,-0.00356,0.001526,-0.000174,0.05,29,0.16
2025-03-18,19.93,79140870,20.19,20.4,19.52,call,12.0,8.15,8.15,8.15,8.15,1,-0.15,-1.81,8.3,8.45,8,9.6,49,0.41,10,9,900.0,113,-1,-0.88,1.8177,0.3767,26.14,9.03,0.902644,0.016481,-0.032095,0.009886,0.007445,0.09,29,9.02
2025-03-17,20.79,82794210,19.51,21.28,19.5,put,9.0,0.07,0.07,0.07,0.07,4,-0.04,-36.36,0.11,0.07,2,0.29,834,-0.55,6,-4,-40.0,52,-8,-13.33,1.5003,-0.1662,-9.97,0.07,-0.019176,0.005449,-0.006625,0.00267,-0.000347,0.12,30,0.18
2025-03-17,20.79,82794210,19.51,21.28,19.5,put,11.0,0.16,0.17,0.16,0.17,1,0.03,21.43,0.14,0.15,57,0.3,1085,-0.4499999999999999,16,-20,-55.56,119,-10,-7.75,1.3894,0.0134,0.97,0.17,-0.044607,0.011857,-0.012337,0.005378,-0.000808,0.13,30,0.22
2025-03-17,20.79,82794210,19.51,21.28,19.5,put,10.0,0.14,0.14,0.11,0.11,5,0.02,22.22,0.09,0.11,1,0.12,14,-0.5,18,-4,-18.18,506,4,0.8,1.439,0.0152,1.07,0.11,-0.02965,0.008195,-0.009157,0.003851,-0.000537,0.04,30,0.11
2025-03-17,20.79,82794210,19.51,21.28,19.5,put,12.0,0.24,0.26,0.22,0.25,2,0.07,38.89,0.18,0.1,5,0.25,247,-0.4,16,-46,-74.19,539,11,2.08,1.3393,0.0547,4.26,0.25,-0.064021,0.016379,-0.015814,0.00716,-0.001159,0.03,30,0.18
2025-03-17,20.79,82794210,19.51,21.28,19.5,put,13.0,0.34,0.36,0.32,0.33,40,0.08,32.0,0.25,0.32,202,0.35,372,-0.35,290,49,20.33,518,-78,-13.09,1.2628,0.0381,3.11,0.33,-0.085299,0.021631,-0.01854,0.008915,-0.001535,0.56,30,0.33
2025-03-13,18.09,117160200,18.38,19.2699,17.575,call,10.0,9.6,9.84,9.35,9.84,1,1.09,12.46,8.75,9.6,18,10.3,13,0.49,41,39,1950.0,44,1,2.33,0.7232,-1.1724,-61.85,9.84,0.999456,0.000445,-0.001314,0.000114,0.008995,0.93,33,9.95
2025-03-13,18.09,117160200,18.38,19.2699,17.575,call,10.0,0.0,0.0,0.0,9.84,0,0.0,0.0,8.75,9.8,5,11.05,10,0.52,0,0,0.0,59,15,34.09,1.7206,0.9974,137.92,11.05,0.957079,0.00875,-0.016403,0.005529,0.007514,0.0,31,10.43
2025-03-13,18.09,117160200,18.38,19.2699,17.575,put,10.0,0.17,0.19,0.13,0.14,6,-0.12,-46.15,0.26,0.13,6,0.15,195,-0.49,79,8,11.27,513,20,4.06,1.4322,-0.0273,-1.87,0.14,-0.035148,0.009094,-0.009926,0.004617,-0.000702,0.15,33,0.14
2025-03-13,18.09,117160200,18.38,19.2699,17.575,put,11.0,0.24,0.24,0.2,0.21,1,-0.06,-22.22,0.27,0.19,296,0.21,297,-0.4399999999999999,7,-24,-77.42,130,10,8.33,1.382,-0.014,-1.01,0.21,-0.051441,0.012824,-0.013017,0.006281,-0.001028,0.05,33,0.2
2025-03-13,18.09,117160200,18.38,19.2699,17.575,put,12.0,0.38,0.38,0.28,0.28,3,-0.31,-52.54,0.59,0.27,1,0.3,27,-0.39,19,-23,-54.76,521,20,3.99,1.3053,-0.0503,-3.71,0.28,-0.06925,0.017141,-0.015498,0.007928,-0.001377,0.04,33,0.29
2025-03-13,18.09,117160200,18.38,19.2699,17.575,put,13.0,0.48,0.52,0.4,0.42,1,-0.28,-40.0,0.7,0.39,35,0.41,52,-0.3399999999999999,251,168,202.41,398,21,5.57,1.2645,-0.0404,-3.09,0.4,-0.095762,0.022593,-0.019143,0.010122,-0.001906,0.63,33,0.4
2025-03-13,18.09,117160200,18.38,19.2699,17.575,put,9.0,0.11,0.11,0.11,0.11,1,-0.03,-21.43,0.14,0.09,13,0.11,2,-0.55,1,-3,-75.0,59,0,0.0,1.546,0.1009,6.98,0.11,-0.026412,0.006648,-0.008465,0.003644,-0.000533,0.02,33,0.1
2025-03-12,18.3,137654500,18.54,19.11,17.9038,call,10.0,8.75,8.75,8.75,8.75,1,-0.25,-2.78,9.0,8.15,6,9.35,14,0.45,2,1,100.0,43,0,0.0,1.8956,0.4054,27.2,8.75,0.905001,0.015917,-0.026551,0.009468,0.007308,0.05,35,8.75
2025-03-12,18.3,137654500,18.54,19.11,17.9038,put,13.0,0.6,0.81,0.6,0.7,15,-0.04,-5.41,0.74,0.68,109,0.73,110,-0.28,83,4,5.06,377,42,12.54,1.3049,-0.0094,-0.72,0.7,-0.151749,0.032169,-0.024162,0.013162,-0.002997,0.22,35,0.71
2025-03-12,18.3,137654500,18.54,19.11,17.9038,put,9.0,0.18,0.18,0.14,0.14,2,-0.04,-22.22,0.18,0.14,383,0.19,426,-0.5,4,-2,-33.33,59,5,9.26,1.4451,-0.0796,-5.22,0.14,-0.03653,0.009886,-0.009167,0.004484,-0.000713,0.07,35,0.17
2025-03-12,18.3,137654500,18.54,19.11,17.9038,put,12.0,0.51,0.59,0.46,0.59,1,0.04,7.27,0.55,0.5,6,0.54,123,-0.3399999999999999,42,7,20.0,501,9,1.83,1.3556,-0.003,-0.22,0.52,-0.11572,0.02569,-0.020866,0.010922,-0.002285,0.08,35,0.52
2025-03-12,18.3,137654500,18.54,19.11,17.9038,put,11.0,0.35,0.42,0.27,0.27,3,-0.1,-27.03,0.37,0.34,7,0.39,264,-0.39,31,21,210.0,120,2,1.69,1.396,-0.0064,-0.46,0.37,-0.084451,0.01981,-0.017093,0.008675,-0.001667,0.26,35,0.37
2025-03-12,18.3,137654500,18.54,19.11,17.9038,put,10.0,0.23,0.29,0.22,0.26,1,0.01,4.0,0.25,0.24,6,0.28,445,-0.4499999999999999,71,23,47.92,493,22,4.67,1.4595,0.0165,1.14,0.26,-0.061043,0.014772,-0.013953,0.006764,-0.001207,0.14,35,0.26
2025-03-11,17.41,161267000,18.05,18.495,16.51,put,13.0,0.75,0.76,0.64,0.74,10,-0.14,-15.91,0.88,0.68,9,0.73,97,-0.29,79,-46,-36.8,335,47,16.32,1.3143,-0.0646,-4.68,0.71,-0.148213,0.030644,-0.023895,0.013293,-0.003058,0.24,36,0.71
2025-03-11,17.41,161267000,18.05,18.495,16.51,put,12.0,0.5,0.58,0.5,0.55,10,-0.01,-1.79,0.56,0.5,150,0.54,151,-0.3399999999999999,35,-167,-82.67,492,11,2.29,1.3586,-0.0539,-3.81,0.52,-0.11286,0.024543,-0.020489,0.011007,-0.002326,0.07,36,0.52
2025-03-11,17.41,161267000,18.05,18.495,16.51,put,11.0,0.4,0.43,0.37,0.37,1,-0.04,-9.76,0.41,0.17,1365,0.43,486,-0.4,10,-20,-66.67,118,11,10.28,1.4024,-0.0678,-4.61,0.37,-0.083051,0.018981,-0.016912,0.008789,-0.001712,0.08,36,0.3
2025-03-11,17.41,161267000,18.05,18.495,16.51,put,10.0,0.23,0.27,0.23,0.25,6,-0.11,-30.56,0.36,0.25,19,0.29,279,-0.4499999999999999,48,-377,-88.71,471,-39,-7.65,1.443,-0.0467,-3.13,0.25,-0.058348,0.014056,-0.01328,0.006699,-0.0012,0.1,36,0.27
2025-03-11,17.41,161267000,18.05,18.495,16.51,put,9.0,0.25,0.25,0.18,0.18,5,-0.05,-21.74,0.23,0.13,754,0.4,1628,-0.51,6,-16,-72.73,54,22,68.75,1.5247,-0.1538,-9.16,0.18,-0.041832,0.010199,-0.010772,0.005136,-0.000864,0.11,36,0.27
2025-03-11,17.41,161267000,18.05,18.495,16.51,call,10.0,9.0,9.0,9.0,9.0,1,1.1,13.92,7.9,8.45,7,8.8,6,0.45,1,-38,-97.44,43,21,95.45,1.4902,-0.1014,-6.37,8.62,0.937558,0.014348,-0.015641,0.007064,0.008415,0.02,36,8.63
2025-03-10,17.99,169215200,19.34,19.8,17.1,put,13.0,0.91,1.18,0.75,0.88,1,-0.11,-11.11,0.99,0.94,9,1.0,10,-0.25,125,55,78.57,288,22,8.27,1.3789,-0.065,-4.5,0.97,-0.185739,0.035043,-0.027184,0.014832,-0.003836,0.43,37,0.97
2025-03-10,17.99,169215200,19.34,19.8,17.1,put,12.0,0.66,0.92,0.56,0.56,1,-0.2,-26.32,0.76,0.7,7,0.74,18,-0.31,202,-17,-7.76,481,149,44.88,1.4125,-0.0769,-5.16,0.72,-0.144316,0.029039,-0.023688,0.012594,-0.002971,0.42,37,0.72
2025-03-10,17.99,169215200,19.34,19.8,17.1,put,11.0,0.52,0.69,0.41,0.41,4,-0.14,-25.45,0.55,0.51,11,0.57,255,-0.37,30,-21,-41.18,107,40,59.7,1.4702,-0.0493,-3.24,0.54,-0.110573,0.023173,-0.020516,0.010462,-0.002278,0.28,37,0.54
2025-03-10,17.99,169215200,19.34,19.8,17.1,put,9.0,0.23,0.23,0.23,0.23,22,-0.05,-17.86,0.28,0.24,80,0.43,1107,-0.48,22,-10,-31.25,32,29,966.67,1.6785,0.0508,3.12,0.34,-0.065589,0.013728,-0.015893,0.007078,-0.001376,0.69,37,0.33
2025-03-10,17.99,169215200,19.34,19.8,17.1,put,10.0,0.35,0.51,0.29,0.36,1,-0.04,-10.0,0.4,0.36,300,0.39,301,-0.43,425,371,687.04,510,27,5.59,1.4897,-0.0828,-5.27,0.36,-0.078579,0.017768,-0.016177,0.00813,-0.001609,0.83,37,0.38
2025-03-10,17.99,169215200,19.34,19.8,17.1,call,12.0,0.0,0.0,0.0,5.5,0,0.0,0.0,6.6,6.3,985,7.0,8,0.34,0,0,0.0,108,6,5.88,1.1388,-0.4784,-29.58,6.65,0.914805,0.023816,-0.015378,0.008959,0.009953,0.0,36,6.65
2025-03-10,17.99,169215200,19.34,19.8,17.1,call,12.0,5.8,6.0,5.5,5.5,1,-1.1,-16.67,6.6,6.0,10,6.9,399,0.31,8,-100,-92.59,102,101,10100.0,1.6172,0.294,22.22,6.45,0.838648,0.027295,-0.030615,0.013561,0.008263,0.08,37,6.45
2025-03-10,17.99,169215200,19.34,19.8,17.1,call,10.0,8.3,8.3,7.3,7.9,1,-0.35,-4.24,8.25,7.6,10,7.9,13,0.43,39,24,160.0,22,14,175.0,1.5916,0.2655,20.02,7.9,0.912519,0.018022,-0.019915,0.008814,0.008096,1.77,37,7.75
2025-03-07,20.88,139349200,19.5,21.0899,18.75,put,13.0,0.73,0.86,0.51,0.53,1,-0.32,-37.65,0.85,0.5,1,0.54,10,-0.38,217,138,174.68,138,45,48.39,1.3533,-0.0579,-4.11,0.53,-0.09828,0.019471,-0.019979,0.011978,-0.002587,1.57,40,0.52
2025-03-07,20.88,139349200,19.5,21.0899,18.75,put,12.0,0.5,0.67,0.34,0.34,1,-0.29,-46.03,0.63,0.37,177,0.4,10,-0.43,45,9,25.0,336,20,6.33,1.3851,-0.0509,-3.54,0.39,-0.073978,0.014637,-0.016553,0.009683,-0.001945,0.13,40,0.39
2025-03-07,20.88,139349200,19.5,21.0899,18.75,put,11.0,0.44,0.47,0.27,0.27,1,-0.19,-41.3,0.46,0.27,21,0.3,9,-0.47,10,-34,-77.27,63,34,117.24,1.4181,-0.0531,-3.61,0.27,-0.053776,0.011151,-0.013237,0.007554,-0.00141,0.16,40,0.29
2025-03-07,20.88,139349200,19.5,21.0899,18.75,put,10.0,0.26,0.38,0.21,0.22,1,-0.13,-37.14,0.35,0.18,117,0.24,465,-0.52,343,53,18.28,287,269,1494.44,1.5175,-0.0232,-1.51,0.22,-0.042217,0.008584,-0.011683,0.006224,-0.001118,1.2,40,0.21
2025-03-06,19.23,164277600,19.71,21.02,19.01,call,10.0,0.0,0.0,0.0,11.2,0,0.0,0.0,11.91,10.9,7,11.25,7,0.52,0,0,0.0,8,7,700.0,1.389,-0.3947,-22.13,11.07,0.967222,0.007623,-0.009882,0.005061,0.009995,0.0,40,11.08
2025-03-06,19.23,164277600,19.71,21.02,19.01,call,10.0,11.2,11.2,11.2,11.2,7,-0.71,-5.96,11.91,8.55,27,9.85,7,0.48,7,6,600.0,1,1,0.0,1.7837,-1.3731,-43.5,9.85,0.917986,0.013019,-0.021921,0.009882,0.008979,7.0,42,9.2
2025-03-06,19.23,164277600,19.71,21.02,19.01,put,13.0,0.74,0.85,0.6,0.85,1,0.39,84.78,0.46,0.81,7,0.87,12,-0.3199999999999999,79,74,1480.0,93,0,0.0,1.4112,0.0831,6.26,0.85,-0.143079,0.024558,-0.024362,0.014735,-0.003754,0.85,42,0.84
2025-03-06,19.23,164277600,19.71,21.02,19.01,put,12.0,0.47,0.68,0.45,0.63,3,0.29,85.29,0.34,0.6,10,0.69,10,-0.38,36,-37,-50.68,316,40,14.49,1.436,0.0706,5.17,0.63,-0.111054,0.020225,-0.020811,0.01235,-0.002898,0.11,42,0.65
2025-03-06,19.23,164277600,19.71,21.02,19.01,put,11.0,0.38,0.5,0.32,0.46,3,0.2,76.92,0.26,0.41,333,0.51,11,-0.43,44,12,37.5,29,22,314.29,1.4712,0.0451,3.16,0.46,-0.084104,0.016094,-0.01741,0.010071,-0.002191,1.52,42,0.46
2025-03-06,19.23,164277600,19.71,21.02,19.01,put,10.0,0.3,0.35,0.26,0.35,10,0.08,29.63,0.27,0.32,11,0.38,11,-0.48,290,288,14400.0,18,0,0.0,1.5407,0.1212,8.54,0.35,-0.064097,0.012484,-0.014833,0.008182,-0.001675,16.11,42,0.35
2025-03-05,21.95,117702400,21.25,22.16,20.12,put,13.0,0.46,0.46,0.46,0.46,5,-0.12,-20.69,0.58,0.42,6,0.5,304,-0.41,5,-25,-83.33,93,7,8.14,1.3281,-0.1264,-8.69,0.46,-0.082666,0.015238,-0.01748,0.011482,-0.00246,0.05,43,0.46
2025-03-05,21.95,117702400,21.25,22.16,20.12,put,12.0,0.47,0.51,0.34,0.34,15,-0.17,-33.33,0.51,0.31,202,0.37,559,-0.4499999999999999,73,-186,-71.81,276,177,178.79,1.3654,-0.0548,-3.86,0.34,-0.062648,0.011982,-0.014549,0.009283,-0.001862,0.26,43,0.34
2025-03-05,21.95,117702400,21.25,22.16,20.12,put,11.0,0.28,0.33,0.26,0.26,5,-0.11,-29.73,0.37,0.12,1023,0.4,1007,-0.5,32,24,300.0,7,7,0.0,1.4261,-0.0278,-1.91,0.26,-0.047871,0.009274,-0.012301,0.007506,-0.001427,4.57,43,0.26
2025-03-05,21.95,117702400,21.25,22.16,20.12,put,10.0,0.27,0.27,0.27,0.27,2,-0.01,-3.57,0.28,0.07,984,0.24,739,-0.54,2,-26,-92.86,18,18,0.0,1.4195,-0.0993,-6.53,0.16,-0.030955,0.00653,-0.008592,0.005262,-0.000914,0.11,43,0.16
2025-03-04,20.65,154119800,20.28,22.261,19.0,put,13.0,0.7,0.88,0.57,0.58,1,-0.13,-18.31,0.71,0.62,8,0.93,884,-0.37,30,-59,-66.29,86,86,0.0,1.4545,0.0731,5.29,0.77,-0.119356,0.019123,-0.023263,0.014288,-0.003549,0.35,44,0.78
2025-03-04,20.65,154119800,20.28,22.261,19.0,put,12.0,0.49,0.63,0.4,0.51,5,-0.03,-5.56,0.54,0.47,135,0.53,149,-0.42,259,158,156.44,99,99,0.0,1.4202,0.0007,0.05,0.51,-0.087374,0.015609,-0.018126,0.01139,-0.002556,2.62,44,0.5
